isEdited,developerResponse,rating,title,review,date,userName,app_name,app_id
False,"{'id': 21742805, 'body': 'Thank you for a great review, 1963wolfie! ğŸ˜ As for the Whispered Stories, please note that if you tap ""Library"" and then select ""Sleep Stories"" under the ""Sleep"" category, you will see various types at the top. Whispered Stories are just one of the types available there, and you can see all other types at a glance. We regularly add new stories to the app, so please drop us a line at support@breethe.com and let us know which ones you\'d like to hear. We hope to hear from you soon! ğŸ¥°', 'modified': '2021-03-18T21:37:58Z'}",4,Great app!!,"This app has been really useful and certainly helps me with sleeping! I really enjoy the stories and all the other content too. However I can only give it four stars because of the whispered stories. They are very hard to listen to and it is not relaxing at all trying to concentrate on something that should be easy to hear. In addition I wish they werenâ€™t mixed in with the normal hearing sleep stories, perhaps they could have their own section because itâ€™s frustrating to go through the whispered stories since they are not usable to me. Itâ€™s also disappointing that thereâ€™s so many great titles in the whispered stories and I will never be able to hear those ones. Please also consider recording whispered stories also as regular hearing stories. Thanks for the great app and in advance for your possible consideration to my suggestions.",2021-03-16 21:39:11,1963wolfie,breethe-meditation-sleep,920161006
False,"{'id': 22599663, 'body': 'Hi MaryTBK â¤ï¸ Thank you for taking the time to write this review. Please note that the daily Breethers are selected to help with all sorts of different aspects of your life. Some may fit your current situation perfectly and others may resonate with another person more on that day. This being said, we appreciate your comment and will definitely keep it in mind going forward. Thank you! ğŸ™', 'modified': '2021-05-03T20:35:40Z'}",3,Pretty good,"For years, this is the primary app I use to meditate and I use to love it. The daily breathers are short and sweet so I do them almost every single day, but lately I find them less appealing. The whole â€œthink about someone you love... now think about someone youâ€™re neutral towards, etc â€ approach not only makes for a really distracting meditation, but also makes me examine my relationships instead of looking inward. When I meditate, I try to calm the monkey mind - not feed it by thinking about the different people in my life. I already do that enough! Please pull back in that approach and guide us in the here-and-now instead like you use to. I was questioning whether or not I should subscribe to another year, but the last few months have made me think that I may not. Itâ€™s too frustrating leaving a meditation more worked up than when you went in.",2021-04-30 14:55:12,MaryTBK,breethe-meditation-sleep,920161006
False,"{'id': 22904087, 'body': ""Hi TKFishy ğŸ¤ We're sorry to hear about the issue! We do respond to every single message within a maximum of 24 hours and process cancellations as soon as we receive them. Please check your spam folder, as our reply could have ended up in there! We would very much appreciate it if you could confirm that you received it (at support@breethe.com). We're looking forward to hearing from you! ğŸ¥°"", 'modified': '2021-05-19T21:42:56Z'}",2,Difficult to cancel-warning!!,"I decided to cancel my trial after being billed for the first monthâ€™s subscription and they make it exceedingly difficult to do so. I emailed support with the subject line â€˜account cancellationâ€™ and they responded fairly quick with a follow up saying I would have to cancel through Apple unless it was being paid via credit card or PayPal in which case they would help. I responded to let them know it is billed through PayPal and...crickets, zero response or follow up.  Apparently they only want to talk to you if youâ€™re willing to give them money? Iâ€™ve been forced to go through PayPal and remove/block their payment agreement and will be watching closely to make sure that works.

Iâ€™ve always thought that a true measure of a company is what they do to retain customers, but not having the ability to cancel easily leaves a very bad experience and completely negates the possibility that Iâ€™d consider them for future use. Do not recommend.",2021-05-18 14:24:47,TKFishy,breethe-meditation-sleep,920161006
False,"{'id': 20934800, 'body': ""Thank you for taking the time to write this review, Jamie KCK â¤ï¸ There are actually a couple of hundred of free items for you to enjoy without having to pay! As for the other issues you described - it sounds like they are internet connection-related. Please contact us at support@breethe.com and we'll be happy to check it out and assist you. We hope to hear from you soon! ğŸ¥°"", 'modified': '2021-02-08T17:35:35Z'}",3,Honest Review,"I downloaded this app yesterday.  Hereâ€™s what I found.  There is hardly any content that can be used without a subscription.  I decided to do a month subscription to see if I liked it.  The app seemed to be working alright until I paid for the subscription.  After I was able to unlock all the content the app wouldnâ€™t load.  I restarted my iPhone twice.  The app just kept â€œthinkingâ€.  Eventually I got it to load and played a sleep playlist with several songs. I asked it to play all of them, it didnâ€™t.  I had the same issue with a relax playlist this morning.  The app is now having the loading issue again.  I donâ€™t know about this app being life changing but I do know itâ€™s been frustrating which is the exact opposite of its purpose.  I will most likely cancel my subscription and try Calm.",2021-02-04 18:38:06,Jamie KCK,breethe-meditation-sleep,920161006
False,"{'id': 23295335, 'body': 'Thank you so much for a wonderful review, FrankatD ğŸ˜', 'modified': '2021-06-09T21:48:15Z'}",5,Speaks to my Soul!,I was lucky to get in on a lifetime membership sale & I love this app so much. I use it every single day! I download my favorites & listen anywhere. I am so appreciative of Lynn Goldberg & her many contributions to mental health. So many new content additions are wonderfully unique. I love Tashaâ€™s grooving music & message to cut loose! And Bethanyâ€™s soulful soothing voice meditations. Ryan Harrisonâ€™s bedtime whispered stories are the best. Glenn Haroldâ€™s hypnotherapy & meditations are helping me sleep better & Bradley Morris has quick messages for busy days. Just a few of my favorites. Today I listened to Sara Ablinger & her Morning Peace & Grace was a perfect start my day. Peaceful pauses & acceptance for myself & others has changed my life! I hope you take a leap & join.,2021-06-08 00:11:46,FrankatD,breethe-meditation-sleep,920161006
False,"{'id': 22903920, 'body': 'Hello Barb177 â¤ï¸ Thank you so much for a lovely and detailed review! ğŸ˜', 'modified': '2021-05-19T21:14:12Z'}",5,"Best, most used app on my phone.","Absolutely-LOVE  this app.    This is the most expensive app I have.  So 
I think I enrolled for the year by mistake.  BUT I now listen at least twice a day, most days. 

Itâ€™s absolutely calmed me enough that, with help of my doc, Iâ€™m lowering, and intend to go off my anxiety drugs. My life is so much more positive in spite of the enormous responsibilities and concerns for my future. 

If you have any kind of anxiety, want to learn meditation, need help sleeping, need help getting started in the A.M., need help with patience with someone you live with, or for so many concerns.... this app is IT.  

Though most tapes are non religiously oriented, there are plenty that are. 
Thereâ€™s prayers for wake up a, for bedtime, or any time. Prayers for help, for thanks, learning gratitude, inner peace, releasing pain, and learning to feel the Lord around me and to show his grace in the dayâ€™s interactions.
Iâ€™ve been listening for a month and feel itâ€™s responsible for my increased energy and happiness. 

There are so many subjects,(even tapping) with ability to search a subject. I love trying new ones and save the best.",2021-05-18 13:45:01,Barb177,breethe-meditation-sleep,920161006
False,"{'id': 20815236, 'body': ""Hi TianaFarrant, it seems that you accidentally turned off the repeat function in the app ğŸ˜‰ As soon as you turn it back on, the issue should be resolved. Please drop us a line at support@breethe.com if you need assistance with that and we'll be happy to help! ğŸ˜"", 'modified': '2021-02-02T19:32:34Z'}",1,Perfect until the latest change...,"Breethe is my #1 go-to for sleep music. I literally use it every single night and have it on repeat so it plays the entire time Iâ€™m sleeping. However, lately thereâ€™s this new â€œwell done!â€ page that shows up at the end of one session, meaning the music stops. So, now I wake up in the middle of the night, notice the music isnâ€™t playing, go into the app, have to close this new â€œwell done!â€ page, and then start the session over again. If it is at all possible, please remove the page after each session and store the page in â€œmy account so people can access it when they want. Or donâ€™t have that page show up after the sleep sessions since they are designed for sleepers who wonâ€™t be awake to see the page anyway. I would be more than happy to give a stellar review if this is fixed. Thank you!",2021-01-31 13:43:28,TianaFarrant,breethe-meditation-sleep,920161006
False,"{'id': 20485641, 'body': 'Thank you so much for taking the time to write this review, hfoolio! â¤ï¸ ', 'modified': '2021-01-18T21:05:08Z'}",5,Must have app for a better life,"There's plenty of apps out there that complicate and stress our lives more than they need to be. This app is worth every penny to help you find balance and peace for whatever is going on in your life. 
I love that you can search for specific situations, types of meditation, session lengths. I love the variety of instructors and that they're constantly offering new voices and sessions. 
This app has helped me through so many hard times and it genuinely is something that helps my anxiety and stress. 
Thank you for making this platform! Favorite app hands down.",2021-01-16 03:59:18,hfoolio,breethe-meditation-sleep,920161006
False,"{'id': 20694709, 'body': ""Hi cookiekenya. Thank you for taking the time to write the review! We're happy to hear that you enjoy the app. As for the pricing - please contact us at support@breethe.com and we'll be happy to let you know of the special offers available at the moment. We're looking forward to hearing from you! ğŸ˜"", 'modified': '2021-01-27T21:22:43Z'}",4,The app is great but there are many locked items,"First off the app is amazing it definitely calms people down so they can get some rest, but the thing is that there are some things that cost and I just donâ€™t have the money to buy a lot of items especially during COVID and plus there are only 2 or 3 items in the places where you choose if you need sleep or or if your felling down or want to meditate b overall that app is great i just think it would be amazing if the prices were cut a little bit instead of them making it 90 dollars so yea but overall as I said itâ€™s great",2021-01-26 06:44:37,cookiekenya,breethe-meditation-sleep,920161006
False,"{'id': 20198839, 'body': ""Thank you for a wonderful review, iamweird07 ğŸ¥° It's great to hear that you appreciate our work! ğŸ˜"", 'modified': '2021-01-05T18:12:17Z'}",5,So Amazing!,"This app is absolutely AMAZING! For anyone who doesnâ€™t have this app, you should get because it increases your health mentally and helps you feel more relaxed, the most relaxed youâ€™ve ever been. And if you ever have trouble sleeping, this app has night time music,nature sounds,bedtime stories,and more! And this app will give you tips and lessons on how to relax your body and clear your mind. I am telling you that this app is amazing,and iâ€™ve never loved a app as much as i love this one! Please get it,i am beggingğŸ™",2021-01-04 10:59:56,iamweird07,breethe-meditation-sleep,920161006
False,"{'id': 22727973, 'body': ""Hello Mr2snafu! There are multiple special offers running currently and it can be confusing - we understand that! The best deal is the lifetime Premium membership, which can bring the price to as little as $0.52 per month so just a few $ per year. Please drop us a line at support@breethe.com and we'll be happy to let you know about the current promotions and get you sorted out with Premium membership at the best price available. We hope to hear from you soon! ğŸ˜"", 'modified': '2021-05-10T19:20:31Z'}",2,This app is amazing...with ONE BIG DRAWBACK,"I downloaded this for the free trial, fell in love with it! I use it to get my toddlers to calm down, go to sleep, and it even helps me get to sleep fast. I absolutely love it! I went to keep it and saw the app company had sent me an email. They claimed it was normally $400 a year for it and they were going to give me a steep discount of $.52 a month that equaled $150 a year. Uhhh no. Went to dance through the App Store and they claimed it was $90 a year. Yeah, still no. Or I could pay $13 a month. As great as it is, $13 a month with wacky math is a form no. If they could actually figure out how much this app costs, I might reconsider it. Now Iâ€™m off to find a free meditation app.",2021-05-08 21:14:37,Mr2snafu,breethe-meditation-sleep,920161006
False,"{'id': 23546413, 'body': ""Hi UnicornObseser ğŸ¤ We're really sorry to hear how this change had affected you. The good thing is - this option is coming back soon! It was removed temporarily and will be included again with one of the upcoming updates. We ask you for a little bit more patience and in the meantime - please contact us at support@breethe.com (mentioning this review) and we'll be happy to advise you on other options you can use in the meantime. We hope to hear from you soon! â¤ï¸"", 'modified': '2021-06-23T13:57:22Z'}",1,Money hungry app,"I NEVER take the time to leave a bad review but ever since the app took away the extended sleep timer option, my youngest daughter (who is a horrid sleeper) and I have had no sleep. This was the only thing that worked for us for LITERALLY over a year. We finally got SOME sleep, thanks to my extending the time to 60mins. But nope. Another failed app. And I am all for making money. But if Iâ€™m going to commit to the most awful of the free fall asleep tools, the LEAST they could do is keep consistent. Total disappointment. And to think I told EVERYONE about this app to help them and their child sleep. Unbelievable. And Iâ€™m sure Iâ€™ll get the same canned response as everyone else... ğŸ¶contact our tech department! Eye roll.",2021-06-22 05:01:00,UnicornObseser,breethe-meditation-sleep,920161006
False,"{'id': 20760893, 'body': ""Thank you for sharing your opinion, Elliminelli! ğŸ¤© As for the background music - it definitely shouldn't be playing when you have any other content on. Please drop us a line at support@breethe.com so that we can help you address it. We hope to hear from you soon! ğŸ‘"", 'modified': '2021-01-31T18:57:01Z'}",4,"Great App, but background music issue","I do love this App. And I was excited to have Joe Dispenza but there are apparently more videos that he references in his 3 of 3. It would be nice to have the additional ones. Also, I had to turn the background music completely off because it kept playing through talks or other music. I noticed someone online had the same issue. I like the background music when Iâ€™m browsing for something but it needs to shut off when a session begins. Other than that, great App!",2021-01-30 05:26:06,Elliminelli,breethe-meditation-sleep,920161006
False,"{'id': 23684578, 'body': ""Thank you so much for the review, InPain ğŸ˜ We're happy to hear that you are enjoying the app and the service! ğŸ¥°"", 'modified': '2021-06-30T21:38:06Z'}",5,Wonderful App with Great Customer Service!,"This app has everything you could need to help you lead a happier more mindful life. Learn to meditate programs, sleep meditations, helpful talks, active mindfulness activities, relaxing music and meditations of all types! I love this app and it has become an invaluable part of my life. This company also has fantastic customer service. Twice I reached out to them with questions and they were so responsive and helpful! I highly recommend thus app.",2021-06-28 20:55:28,InPain,breethe-meditation-sleep,920161006
False,"{'id': 21716349, 'body': 'Thank you so much for a wonderful review, Timetotrance! ğŸ‘ŒğŸ˜', 'modified': '2021-03-17T20:29:51Z'}",5,My go to,"This is only the second app Iâ€™ve EVER subscribed to. I first just downloaded it to give it a try. After seeing all the music and varied meditations and teachers/teachings I immediately ungraded my membership. 
The variety is endless, there is truly, truly something for everyone. I LOVE this app. 
And best of all there is always something new!! 
Greatest app for meditation and calming ever. 
Learning and hands on ... obviously I canâ€™t say enough good things.",2021-03-16 11:07:54,Timetotrance,breethe-meditation-sleep,920161006
False,"{'id': 23181534, 'body': ""Hello BO1060! ğŸ™‚ Please note that Apple doesn't share your payment information with us (or other developers) so your details are safely stored in your Apple account. If you'd like to test Breethe Premium, please drop us a line at support@breethe.com and we'll arrange a free trial for you directly, without a need for you to share your payment details with anyone. We do believe that you will love it! ğŸ¥°"", 'modified': '2021-06-03T19:28:23Z'}",1,Deleted,"I was really interested in this app &, what small amount of free access it offered, I found very helpful & appealing. I decided to try the 14 Day â€œFreeâ€ Trial. I immediately got a pop-up asking me to either top up my Apple balance or provide credit card information. 
I do not approve of apps that require this just so you can test a â€œfreeâ€ trial to see if you want to subscribe.  I donâ€™t know you. I donâ€™t trust this. I am fully aware that the trial can be cancelled at any time but, I prefer to make the choice to provide my payment options when I am ready to make an actual purchase. 
What a shame! But, thereâ€™s plenty other resources out there that donâ€™t require this. Deleted.",2021-06-02 14:36:10,BO1060,breethe-meditation-sleep,920161006
False,"{'id': 21691928, 'body': 'Hello, Myrtle Yutz â¤ï¸ We\'re sorry to hear that you did not enjoy some of Lynne\'s meditations. We understand that not everything will work for everyone, so there are plenty more teachers to choose from! If you tap ""Library"", scroll down to ""Authors"" and tap ""Teachers"" - you will be able to select one of many teachers available on the platform. It will also show you all of the available content from the selected teacher. Please drop us a line at support@breethe.com if you have any further questions or queries ğŸ¥°', 'modified': '2021-03-16T19:19:12Z'}",1,Her voice,"She, Lynne Goldberg, never stops talking.  In the pain meditation she says, "" I'll give you a minute to scan you're body."". Or better yet, "" I'll give you a minute to focus on your breathing, visiting the parts that cause you pain."" Then she talks through the whole minute, when do I get to focus?  

Then as if she is my doctor, she's says, ""rate you pain from one to ten."". And of course, continues to talk.  She means well, I am sure, however she just makes me more tense and more concerned about why did I say 6 and maybe it was 7?  Not for me to be reminded of the pain level as a relaxing tool. And especially without some time to get to a good place without chatter.",2021-03-14 17:10:56,Myrtle Yutz,breethe-meditation-sleep,920161006
False,"{'id': 20485828, 'body': 'Thank you for taking the time to write such a beautiful review, jo729! ğŸ¥°ğŸ™', 'modified': '2021-01-18T21:32:28Z'}",4,OMG...This is what SLEEP is! Wow!,"So many people talk about sleep as if itâ€™s like this magical time of non-existence to get away from everything and re-charge your battery...heart, mind, and soul. I had no clue what they meant as I always fell into the non-sleeper group of individuals in this world where everything just starts to run together and there is no ending or beginning between things. That was until Breethe. Now, I not only can sleep, I fall asleep in a very meditative state like no other! Beautiful!",2021-01-16 19:07:58,jo729,breethe-meditation-sleep,920161006
False,"{'id': 23051347, 'body': 'Hi Tony159404, thank you so much for sharing your experience! ğŸ˜', 'modified': '2021-05-27T18:45:12Z'}",5,Donâ€™t normally write reviews,I have to say Iâ€™ve been feeling really cloudy in my head from so many thoughts and with my marriage and being stressed out but with this app i feel so peaceful and the guided meditation makes me feel peaceful and happy and I feel like as long as I am meditating I can get through anything along with me praying and reading the Bible but the app is amazing and Iâ€™d recommend this to anyone thank you.,2021-05-26 04:09:50,Tony159404,breethe-meditation-sleep,920161006
False,"{'id': 21023578, 'body': 'Thank you for a wonderful review, AhtzEsq1432! ğŸ§˜\u200dâ™€ï¸â¤ï¸ğŸ§˜\u200dâ™‚ï¸', 'modified': '2021-02-12T15:51:00Z'}",5,"Great App, Helpful Support Team!","I have only been using this app for a few days but I really like it. There is a good variety of meditations and the person speaking is not annoying! I also work with children and am trying to incorporate meditation with them and the kids sessions on this app are awesome. The support for this app is also awesome, they get back to you quickly and they are so kind. Thank you Breethe!",2021-02-10 17:58:41,AhtzEsq1432,breethe-meditation-sleep,920161006
False,"{'id': 20760849, 'body': 'You have no idea how great it is to hear that we are making a difference, Tammie162 ğŸ˜Thank you for sharing! ğŸ§˜\u200dâ™€ï¸â¤ï¸ğŸ§˜\u200dâ™‚ï¸', 'modified': '2021-01-31T18:46:54Z'}",5,Wonderful App,"The free part of the app is great and you get a few tracks to listen too. I ended wanting more and bought the year subscription and I am so happy I did. I have been dealing with anxiety and panic attacks for years. I have medication that helps, but I still deal with it daily. Just listening to one meditation track and I could feel my anxiety slipping away. I canâ€™t praise this enough.",2021-01-29 17:26:32,Tammie162,breethe-meditation-sleep,920161006
False,"{'id': 20409236, 'body': ""We're sorry to hear that Shraven! Please drop us a line at support@breethe.com and we'll be happy to help you find something that should suit you better! â¤ï¸ğŸ§˜\u200dâ™€ï¸ğŸ§˜\u200dâ™‚ï¸"", 'modified': '2021-01-14T18:09:08Z'}",3,Sleepless Nights,"Let me start off by saying the app itself is very nice and the music and guided meditations are very well done. With that said though I tried this app for three nights and had three VERY fitful nights of sleep. I tried both the meditations and the various sound/music playlists and spent more time waking in the middle of the night than I did sleeping all three nights. I wish this would have worked for me as I really liked the content, but I got it to help with sleeping and that did not happen for me.",2021-01-12 16:35:19,Shraven,breethe-meditation-sleep,920161006
False,"{'id': 20666821, 'body': 'Thank you so much for your words of appreciation, f hby Co! ğŸ§˜\u200dâ™€ï¸ğŸ¤©ğŸ§˜\u200dâ™‚ï¸', 'modified': '2021-01-26T20:12:54Z'}",5,Amazing âœ…âœ…âœ…âœ…,"I love this app soooo much the music, the tension release, it also helped with my sleeping issues. 1 downside is that most of the stuff on there is premium but for the most part itâ€™s better than calm and maybe headspace. Itâ€™s like the music blended into my ears and it was bonding with me. I HIGHLY recommend this app if u have any issues like relationships,anger,sleep, & more. Pls support these guys they did a very good job",2021-01-25 04:11:44,f hby Co,breethe-meditation-sleep,920161006
True,"{'id': 14906081, 'body': ""Hello poopcop03. We're sorry to hear that some of your favourites were changed into paid content recently. We rotate the free and Premium content every once in a while to allow for everyone to enjoy all of it - even if they only use Breethe with a free account. Please contact us at support@breethe.com and let us help you access the content you now miss.\xa0\nWe hope to hear from you soon! â¤ï¸"", 'modified': '2020-04-25T14:37:15Z'}",1,Frustrated with the exploitation of mental illness,So great that you have to pay money for mental health resources ahahhaha. That was sarcastic everything needs to be free. Stop exploiting peopleâ€™s suffering periodt. Iâ€™ve listened to the free ones a trillion times itâ€™s great that there are so many options. That was sarcastic too. Deleting it after more than a year thanks for almost nothing. I did actually like some of them it just got repetitive since so few are free. I have officially memorized the first chapter of Little Women tho soooo. Oh well all the other apps arenâ€™t free either so I guess Iâ€™ll just stay mentally illğŸ˜ peace out;),2021-06-04 03:49:50,poopcop03,breethe-meditation-sleep,920161006
False,"{'id': 21120856, 'body': ""Hi mud314! We're happy to hear that you enjoy Breethe! ğŸ¥° You are right - meditation should be all about calm and peace ğŸ§˜\u200dâ™‚ï¸ We apologise if you felt rushed in any way - this certainly wasn't our intention! We would appreciate it very much if you'd contact us at support@breethe.com so that we can find out what went wrong and make it up to you. We hope to hear from you soon! â¤ï¸"", 'modified': '2021-02-17T19:21:02Z'}",4,Like the app,"I really was enjoying the app. But I donâ€™t care at all for their approach to get you sign up for a paid membership. Mediation is supposed to be about being calm and at peace. I felt very rushed with their email campaigns to
Make decision in 48 hours. In 48 hours I wonâ€™t know if the app is for me or not. The guilt they play  as well doesnâ€™t help. It made me feel like they were in it for the cash instead of making you feel at rest.",2021-02-15 16:20:22,mud314,breethe-meditation-sleep,920161006
False,"{'id': 21221776, 'body': ""Hello TroubleinTokyo â¤ï¸ We're sorry to hear about your experience! Please note that there are a couple of hundred free items available within the app for you to enjoy and we rotate them regularly to make sure that you can enjoy even more of them. As for the sleep timer, it's actually available on every iOS device. Please drop us a line at support@breethe.com and we'll be happy to point you in the right direction (and help you find more free content too). We hope to hear from you soon! ğŸ§˜\u200dâ™€ï¸ğŸ¤©ğŸ§˜\u200dâ™‚ï¸"", 'modified': '2021-02-22T19:44:19Z'}",1,Way better apps out there,The CONSTANT pop up to pay to unlock additional content was beyond annoying.  You couldnâ€™t click anywhere within the app without it popping up.  Donâ€™t like that there is no timer or â€œsleepâ€ option and you only get a set 30 mins of music/sounds.  The library of available free content is extremely limited and sad.  Listened to one and it was literally the same 5 notes played over and over for 30 mins.  Instead of being relaxing and helping me to fall asleep my mind hyper focused on the repetitiveness of the music.,2021-02-20 06:18:56,TroubleinTokyo,breethe-meditation-sleep,920161006
False,"{'id': 22057113, 'body': ""Thank you for a lovely review, happy lil accident! â¤ï¸ As for the access to the app, it sounds like it could be due to a temporary internet connection issue. If you run into any more issues in the future, please drop us a line at support@breethe.com and we'll be happy to assist you! ğŸ¤©"", 'modified': '2021-04-05T19:46:15Z'}",5,Great app but bugs,First I wanna say this is an amazing app and helps me sleep even with my insomnia. As of just a few moments ago I havenâ€™t been able to enter the app but for a second or two. Iâ€™m just leaving this in case itâ€™s not just for me and to help others out Iâ€™m sure it is just a bug but hopefully it can get fixed soon.,2021-04-01 17:34:26,happy lil accident,breethe-meditation-sleep,920161006
False,"{'id': 21692166, 'body': ""Hi tominkah ğŸ¤ We're sorry to hear about the unexpected charge! Please note that both your trial and subscription are controlled by Apple and you should have received a notification from Apple. Please accept our apologies if that wasn't the case here. If you need assistance with cancelling your subscription and a refund, please drop us a line at support@breethe.com and our support team will be happy to assist you. Take care! â¤ï¸"", 'modified': '2021-03-16T19:40:43Z'}",1,What a scam... take care,"The application doesnâ€™t remind you the end of the free trial, and like this come to pick up in your wallet 12$ for a month !!!
Itâ€™s an abuse and we are many to not like this kind of business, plus I never use this app and forgot in a corner of my screen, a lot of publicity for not so much making business on the meditation and the anxiety of people make me.. anxious....
so I Would like a refund of this app cause I really donâ€™t appreciate this state of mind Â« making money on peopleâ€™s who forget to delete the app before the end of the free trial Â» level zero of the ethic.",2021-03-14 21:23:04,tominkah,breethe-meditation-sleep,920161006
False,"{'id': 20485628, 'body': ""We're happy to hear that you enjoy Breethe, TyMya42093! ğŸ¥° Please note that with the Lifetime Premium membership you can bring the price down to under $4 per month! Drop us a line at support@breethe.com and we'll be happy to let you know about any special offers we are currently running. We hope to hear from you soon! ğŸ˜"", 'modified': '2021-01-18T21:03:32Z'}",4,Amazing app,"This app is incredible! Iâ€™ve been using the free features and it has helped with my mood and anxiety in only a week! The only reason I gave it 4 stars is because I wish it wasnâ€™t so pricy. Iâ€™ve finally found something that actually helps me relax and helps my mind ease and itâ€™s a bummer I canâ€™t explore other options. Other than that, it truly is helpful.",2021-01-15 08:52:17,TyMya42093,breethe-meditation-sleep,920161006
False,"{'id': 20355244, 'body': 'Thank you for the wonderful review, AuntieEmm13! ğŸ¥°', 'modified': '2021-01-12T19:38:14Z'}",5,Wonderful app!,"I have had the privilege of using Breethe for almost a year now. It is truly a brilliant app created by an amazing woman. There are tons of ever-evolving options to choose from. My personal favorites are the bedtime hypnotherapy meditations. Some of the options include harmonizing relationships, releasing stress/fear/anxiety, weight lossâ€”to name a few.

I highly recommend this app!",2021-01-10 20:17:05,AuntieEmm13,breethe-meditation-sleep,920161006
False,"{'id': 21596217, 'body': ""Thank you for such a great review, GTNBLING ğŸ˜ We're happy to hear that you are enjoying Breethe and wish you many wonderful meditations! ğŸ§˜\u200dâ™€ï¸ğŸ¥°ğŸ§˜\u200dâ™‚ï¸"", 'modified': '2021-03-11T18:42:02Z'}",5,In love,"There are many apps out there for mindfulness, anxiety, sleep stories, etc. however this app I find to be absolutely incredible. I love the music playing while I search for what my heart tells me at the moment. A sense of calm, even if Iâ€™m anxious, peels away just by listening to the music. Thank you for this wonderful app!",2021-03-10 01:32:39,GTNBLING,breethe-meditation-sleep,920161006
False,"{'id': 21479252, 'body': ""We're happy to hear that you enjoy the app, zoebug100000! ğŸ˜ Please drop us a line at support@breethe.com and we'll be happy to walk you through the settings. We hope to hear from you soon! ğŸ¥°"", 'modified': '2021-03-05T21:09:10Z'}",4,Good app but...,"This was very relaxing app and i am not a person who like to go to bed. There is just one tiny problem...I donâ€™t like talking when Iâ€™m trying go to bed. There probably is a setting to change this but I am NOT good with technology ğŸ˜‚. So if you could reply on this and tell me where to go to change that setting, I would love this app and rate it a five star rating âœ¨âœ¨ â¤ï¸.",2021-03-04 03:22:08,zoebug100000,breethe-meditation-sleep,920161006
False,"{'id': 23295356, 'body': ""Hello gsjdjd cbb â¤ï¸ We're sorry to hear about the issues you are experiencing. It's hard to understand what exactly the issue is from your description, so please drop us a line at support@breethe.com and we'll be happy to take good care you! ğŸ¥°"", 'modified': '2021-06-09T21:51:29Z'}",4,Good but,I love this app ever sends I got it it has made me fall asleep in less than 5min but there is always something popping up on my screen and I can use it 1 and then delete it and then have to get the app again to do it anonymously time I still use it but I always have to delete the app last minute and it takes forever,2021-06-08 04:47:44,gsjdjd cbb,breethe-meditation-sleep,920161006
True,"{'id': 16152537, 'body': ""Hello Applebee83,\nWe're very sorry to hear about the issue. The app seems to be working fine, so please drop us a line at support@breethe.com and our support staff will be happy to help you address (and fix) whatever issue may be causing it for you.\xa0We hope to hear from you soon! â¤ï¸"", 'modified': '2020-06-22T20:56:12Z'}",1,Get Calm,"I paid a lot of money for the lifetime access to this app. I was super excited for it. However, it literally doesnâ€™t work. I have deleted and re-downloaded the app multiple times. Anytime I try to play music from this app, it just circles and circles. But when I get on calm with the same Internet strength, it always works. This app sky rockets my blood pressure, b/c all I want to do is stretch and relax with the music, but I always waste about 20 minutes just trying to get it to play something. Do not waste your precious time with it.",2021-05-20 02:19:10,Applebee83,breethe-meditation-sleep,920161006
True,"{'id': 15815129, 'body': 'Hello Lora MCK, \nThank you so much for taking the time to write such a wonderful review! We invest a lot of time, effort and love into creating the Breethe experience and reading such feedback really gives us a motivation boost to continue. Thank you! â¤ï¸', 'modified': '2020-06-06T12:05:37Z'}",5,Always updating!,"There are so many different kinds of mediation techniques and formats on this site! Tapping, hypnosis, stories, fabulous playlists and â€œmaster classesâ€ to keep you growing ! Well worth the investment, and the variety of facilitators and methods is spectacular. Hereâ€™s to waking up anxiety free and falling back to sleep peacefully at the end of the day!",2021-06-01 18:14:52,Lora MCK,breethe-meditation-sleep,920161006
False,"{'id': 23113446, 'body': 'Thank you for a wonderful review, msperly44! ğŸ˜', 'modified': '2021-05-31T21:34:34Z'}",5,This is the best meditation app!,This app has the best of everything! The music is soothing and wonderful. The talks are so enlightening and there are so many meditations of various lengths depending on how much time you have. I have been a subscriber for a couple of years or so and I canâ€™t go to sleep without it! I love it!,2021-05-28 14:41:26,msperly44,breethe-meditation-sleep,920161006
False,"{'id': 23247941, 'body': ""Hello riiiiiiisssssd ğŸ¤ Thank you for the review! â¤ï¸ Yes, you can enjoy 14 days of free trial for free and after that, you can either upgrade to a paid subscription or revert back to a free one. Please drop us a line at support@breethe.com and we'll be happy to let you know about the current special offers we are running. It will hopefully make the price more accessible for you! ğŸ¥°"", 'modified': '2021-06-07T19:05:01Z'}",4,Itâ€™s amazing but...,"I love this app, however the same thing happened with aura. It gave you about two-three days to listen to all of them and then locked them. I really like Breethe and how easily I fall asleep after listening, but Iâ€™d like to change it up and hear new meditations, but I canâ€™t afford to purchase it all.",2021-06-05 04:07:18,riiiiiiisssssd,breethe-meditation-sleep,920161006
False,"{'id': 20694653, 'body': 'Hello CadenceLynne. Thank you for the review! ğŸ¥°', 'modified': '2021-01-27T21:18:06Z'}",4,You know how meditation apps are...,"I really liked Breethe! It has lots of free meditation, but of course, it really wants you to get the premium. How ever it has a setting so you can only see free ones- and they do have a lot of free ones! The lady has a calming voice, and immediately when you enter the app, it puts on nice music.",2021-01-25 16:39:52,CadenceLynne,breethe-meditation-sleep,920161006
False,"{'id': 20639719, 'body': 'Thank you for the review, Cmac69! ğŸ˜ We wish you and your kids many wonderful meditations! ğŸ§˜\u200dâ™€ï¸ğŸ§˜\u200dâ™‚ï¸ğŸ§˜\u200dâ™€ï¸ğŸ§˜\u200dâ™‚ï¸', 'modified': '2021-01-25T18:53:18Z'}",4,The familyâ€™s go to!,"Love the selection of mediation available from anxiety to sleep mediations.  Everyone  including my kids (18, 11, 10,) fall asleep to the mediation and music. I use it from everything to calming music to morning mediation. I prefer Lynne Goldberg (sp) voice as the others are way to robotic and not forceful..",2021-01-22 13:39:03,Cmac69,breethe-meditation-sleep,920161006
False,"{'id': 20326047, 'body': ""Hello jujsheudnbhs! If you paid for a subscription and then you were asked to pay again, it most likely means that you are logged out of your Breethe account. Please contact us at support@breethe.com and we'll be happy to help you sort it all out and arrange a refund. We hope to hear from you soon! ğŸ¥° "", 'modified': '2021-01-11T18:15:37Z'}",1,Billing issues,"Twice I have paid for the app and it does not work, tells me I need to purchase it again in order to use it. Purchased the yearly subscription 3 months ago, and it made me repurchase it  yesterday to use it, which I did.  Checked my billing to verify, and I was charged twice in 3 months for a yearly app.  Now I have to request refund. This has happened to me twice in 2 years. Frustrating!",2021-01-09 14:57:09,jujsheudnbhs,breethe-meditation-sleep,920161006
False,"{'id': 22664120, 'body': 'Thank you so much, quest18311! ğŸ˜', 'modified': '2021-05-06T19:53:36Z'}",5,Next level peace,"This content, this service, and customer service is simply the best. Theyâ€™ve made navigating through the day and own thoughts so much more enjoyable. Start something great!",2021-05-04 23:22:07,quest18311,breethe-meditation-sleep,920161006
False,"{'id': 22336252, 'body': 'Thanks so much for a lovely review, KayBee95008! ğŸ˜ ', 'modified': '2021-04-19T20:40:30Z'}",5,Favorite meditation app,"Iâ€™ve used many meditation apps over the years, and I keep going back to this one. Love that they keep expanding and adding new teachers, Iâ€™m often finding new favorites. Keep up the great work!",2021-04-16 14:24:50,KayBee95008,breethe-meditation-sleep,920161006
False,"{'id': 22664327, 'body': ""It's simply amazing to hear that what we created makes a difference, SDeFranco1 ğŸ¥° Thank you and keep moving forward! "", 'modified': '2021-05-06T20:10:51Z'}",5,This app has changed my life,"Several meditations I am using regularly are helping to reverse years of unchecked stress, anger, and anxiety. It is a slow,  but consistent process. 

Thank you.",2021-05-05 02:30:31,SDeFranco1,breethe-meditation-sleep,920161006
False,"{'id': 21094104, 'body': ""Hello adsfsv and thank you for taking the time to write this review â¤ï¸ We're happy to hear that you're enjoying Breethe! ğŸ§˜\u200dâ™€ï¸ğŸ˜ğŸ§˜\u200dâ™‚ï¸"", 'modified': '2021-02-16T17:00:25Z'}",5,Great app!,"This app is so good even though some stuff isnâ€™t all free I still really love this app and totally recommend downloading it, it helped me fall asleep easy and itâ€™s meditations are great! Recommend this app 100%!",2021-02-14 16:31:09,adsfsv,breethe-meditation-sleep,920161006
False,"{'id': 21094064, 'body': ""Hello Quickart! It sounds that you have the loop option enabled, which is why the meditations keep on repeating. You can disable it from the play screen of any meditation. Please drop us a line at support@breethe.com and we'll be happy to assist you with that and with the volume adjustment issue you mentioned as well. We hope to hear from you soon! ğŸ¥° "", 'modified': '2021-02-16T16:58:26Z'}",1,disappointing,this could be a great app except it has a few annoyances. One you play a meditation and when one cycle is over it continues to repeat never ending. When you set one meditation to alarm that meditation also repeats unending. if you make a playlist the meditations play but the volume varies greatly between each meditation needing adjustments for each one. One there must be a better app out there.,2021-02-15 10:36:12,Quickart,breethe-meditation-sleep,920161006
False,"{'id': 23051357, 'body': 'Thank you for the review and for spreading the word, courtlyrics! ğŸ§˜\u200dâ™€ï¸â¤ï¸ğŸ¤©ğŸ§˜\u200dâ™‚ï¸', 'modified': '2021-05-27T18:46:28Z'}",5,Sleep,"This app is a Game Changer!!! I have  had issues trying to sleep at night , and this is truly amazing to have. It works like a charm!! I have recommended it to all of my friends!!",2021-05-26 05:27:28,courtlyrics,breethe-meditation-sleep,920161006
False,"{'id': 20639557, 'body': 'Thank you F4 Jedi, sleep well! â¤ï¸', 'modified': '2021-01-25T18:42:44Z'}",5,App: AMAZING,I thought none of the apps that helps you go to sleep would work. But this one does. On my birthday using it I went to sleep before 20 minutes. It was very calmly.,2021-01-21 14:31:05,F4 Jedi,breethe-meditation-sleep,920161006
False,"{'id': 22859120, 'body': ""Hello bzkbzkbzk â¤ï¸ We're sorry to hear about the issue. Please contact us at support@breethe.com and we'll be happy to assist you with resolving it. We hope to hear from you soon! ğŸ¥°"", 'modified': '2021-05-17T19:25:43Z'}",2,App Crashes,Iâ€™m still in trial mode but each night the meditation/sleep music just randomly stops playing and I have to get up out of bed to start it again. I have DND set on my phone; not sure if thatâ€™s the reason the app crashes. I enjoy the meditation/sleep music but want it to play continuously throughout the night.,2021-05-15 14:18:48,bzkbzkbzk,breethe-meditation-sleep,920161006
False,"{'id': 21692079, 'body': ""Thank you for the review, Gahsmin ğŸ˜ We're happy to hear that we could help you find some peace! ğŸ¤©"", 'modified': '2021-03-16T19:32:34Z'}",5,Love it,I love this app so much it helps me because I have 10 kids and sometimes you just have to relax and take a break so I got this and my life has been so peaceful,2021-03-14 17:19:19,Gahsmin,breethe-meditation-sleep,920161006
False,"{'id': 22599616, 'body': 'Thank you for your review, avilleyoungin ğŸ¥° We wish you a wonderful journey! ğŸ§˜\u200dâ™€ï¸ğŸ˜´ğŸ§˜\u200dâ™‚ï¸ The intention is a powerful force to have on your side ğŸ’ª', 'modified': '2021-05-03T20:30:50Z'}",5,Great for setting intentions,This app really helped me with my intentions from my eyes opening to moving throughout the day. My next goal is sleeping with intention and I canâ€™t wait for that journey!,2021-04-30 14:29:47,avilleyoungin,breethe-meditation-sleep,920161006
False,"{'id': 22774518, 'body': 'Hello there! ğŸ¤ If you happened to have purchased the membership from a different email address than your Breethe account is registered under, simply contact our support at support@breethe.com. We will help you take care of the issue and apply the Premium membership to your Breethe account correctly. We hope to hear from you soon! ğŸ¥°', 'modified': '2021-05-12T20:59:21Z'}",3,Bewareâ€”premium subscription,Make sure you set up your paid subscription to the email address you subscribed and not necessarily the email you were blasted with or you will receive no credit.,2021-05-11 13:08:00,speedy with this app,breethe-meditation-sleep,920161006
False,"{'id': 23327300, 'body': ""Thank you for a lovely review, AmyJay101! â¤ï¸ It's wonderful to hear that you got your kids to meditate too ğŸ˜ We wish all of you many wonderful meditations! ğŸ§˜\u200dâ™€ï¸ğŸ§˜\u200dâ™‚ï¸ğŸ§˜\u200dâ™€ï¸ğŸ§˜\u200dâ™‚ï¸ğŸ¥°"", 'modified': '2021-06-11T10:44:45Z'}",5,My Children Love This App!,"This app is life changing! My 5, 7 & 8 year old now love meditation, and truly enjoy falling asleep to the sweet words this app provides. Does it get any better?! THANK YOU! ğŸ’™",2021-06-10 02:30:18,AmyJay101,breethe-meditation-sleep,920161006
False,"{'id': 21934769, 'body': ""We're glad we could help, Useful 77 ğŸ¥° Sweet dreams! ğŸ˜´â¤ï¸"", 'modified': '2021-03-29T21:01:11Z'}",5,Thank you,I have fallen asleep in under 50 minutes rather than hours(without the app).,2021-03-26 01:32:39,Useful 77,breethe-meditation-sleep,920161006
False,"{'id': 21692506, 'body': 'Hi iacoflia, thank you so much for the review! ğŸ¥°', 'modified': '2021-03-16T20:09:42Z'}",5,Awesome app,"The app is really good. It has a lot of options for different needs. 
The customer service is outstanding.",2021-03-15 14:48:25,iacoflia,breethe-meditation-sleep,920161006
True,"{'id': 21573692, 'body': ""Hi You wish:) â¤ï¸ Upgrading to a Premium membership unlocks A LOT of new items so you should have plenty of new stories to listen to. Please contact us at support@breethe.com and we'll be happy to point you in the right direction! ğŸ¥°"", 'modified': '2021-03-10T19:37:44Z'}",2,Not enough stories,Still waiting for more stories to be loaded.. Iâ€™ve heard all the sleep stories and if Iâ€™m paying for this app I expect different stories every month .. gets boring listening to the same ones every month.,2021-04-19 03:39:07,You wish:),breethe-meditation-sleep,920161006
False,"{'id': 21402009, 'body': 'Thank you for sharing that, bailey LLLLLL! ğŸ˜ We wish you many wonderful nights! ğŸ˜´', 'modified': '2021-03-02T16:04:38Z'}",5,This is worth it.,I used to have bad sleep schedules. But I got this app and I was back on track. And slept better . Warmer . Cooler . And more comfortable. If u see this . Itâ€™s worth it!,2021-03-01 01:53:50,bailey LLLLLL,breethe-meditation-sleep,920161006
False,"{'id': 23030224, 'body': 'Thank you for sharing your experience with Breethe, nexukoo-channn! ğŸ˜', 'modified': '2021-05-26T19:26:14Z'}",5,Amazing,I downloaded this app because I was having trouble falling a sleep Iâ€™ve got nothing but the best experience.,2021-05-25 11:11:00,nexukoo-channn,breethe-meditation-sleep,920161006
False,"{'id': 22752010, 'body': 'Hi Jason Howlett â¤ï¸ Thank you for sharing your experience with Breethe! You have no idea how happy it makes us hear that we could help ğŸ¥° Sweet dreams! ğŸ˜´', 'modified': '2021-05-11T19:33:39Z'}",5,Great app,Using this app was a wonderful experience. I was skeptical at first but was out in less than 20 and I have insomnia,2021-05-10 08:25:47,Jason Howlett,breethe-meditation-sleep,920161006
False,"{'id': 20789788, 'body': 'Thank you for the lovely review, AMYannaNB! ğŸ§˜\u200dâ™€ï¸â¤ï¸ğŸ§˜\u200dâ™‚ï¸', 'modified': '2021-02-01T18:31:45Z'}",5,"WONDERFUL app, that was unknowingly MUCH needed in my life.....",I am loving this app. It has brought such a sense of CALM & PURPOSE to my mornings. I am also doing â€œThe Miracle Morningâ€ written by the AWESOME Hal Elrod. I HIGHLY recommend.  ğŸ‘ğŸ¼ğŸ‰âœ¨ğŸ‰ğŸ‘ğŸ¼ Namaste. We are ALL one. âœ¨,2021-01-31 12:32:48,AMYannaNB,breethe-meditation-sleep,920161006
False,"{'id': 21891046, 'body': ""Thank you so much, Reols ğŸ™ We're happy to hear that you are enjoying Breethe! ğŸ˜"", 'modified': '2021-03-26T18:59:43Z'}",5,Amazing!!,I never ever write reviews but this app is amazing. Itâ€™s a guaranteed way to stop my mind from racing and put me straight to sleep!,2021-03-25 01:58:46,Reols,breethe-meditation-sleep,920161006
False,"{'id': 20485611, 'body': 'Thanks so much for the review! ğŸ¥°', 'modified': '2021-01-18T21:01:14Z'}",5,Breath,"Breath is an amazing app, it helps me when I get home from a long day, it makes it so I can just relax and chill!!! I DEFINITELY recommend it!!!",2021-01-15 02:16:25,Slytherin_011.CALM,breethe-meditation-sleep,920161006
False,"{'id': 22336318, 'body': ""It's awesome to hear that Breethe has helped you, restonwesseler ğŸ§˜\u200dâ™‚ï¸ğŸ˜´ Thank you! ğŸ˜"", 'modified': '2021-04-19T20:45:08Z'}",5,Awesome,"It really helps me sleep, I have anxiety and have trouble sleeping these storyâ€™s are so good! I recommend this to people that have trouble sleeping as well.",2021-04-18 04:40:13,restonwesseler,breethe-meditation-sleep,920161006
False,"{'id': 21271971, 'body': ""We're sorry to hear about your nightmare, it certainly isn't a pleasant thing to experience! ğŸ˜³ Please contact us at support@breethe.com and we'll be happy to recommend something soothing for you to fall asleep to. Sweet dreams! ğŸ˜´ "", 'modified': '2021-02-24T18:45:34Z'}",4,Bad sleep,I had the app for about 9 months and just used it tonight and I had a nightmare the same night I hadnâ€™t remembered my dream or had a nightmare for more than 3 months,2021-02-23 12:32:24,tpn is the best anime,breethe-meditation-sleep,920161006
False,"{'id': 21716367, 'body': ""Thank you for the review, JasonRash ğŸ¥° We're happy to hear that Breethe helps you find a moment of silence! ğŸ§˜\u200dâ™‚ï¸â¤ï¸"", 'modified': '2021-03-17T20:31:39Z'}",5,Awesome if you hate meditation,"I have always struggled with just sitting in silence, love the practical meditations that make it easy to incorporate into my day",2021-03-16 13:11:54,JasonRash,breethe-meditation-sleep,920161006
False,"{'id': 20562067, 'body': ""Hello Zacblack09 ğŸ‘ Please note that you are welcome to use Breethe for free for as long as you'd like. There are hundreds of free items available for you to enjoy without ever needing to pay a dime. Please drop us a line at support@breethe.com and we'll be happy to point you in the right direction! ğŸ¥°"", 'modified': '2021-01-21T20:01:25Z'}",1,Tired of Subscriptions,"I am so sick of everything becoming a subscription.  Piece of advice, be upfront about your cost.  Itâ€™s not more likely I will purchase a subscription after being tricked into downloading the app and making an account. I am not paying for content that is free somewhere else. App Deleted.",2021-01-20 13:09:11,Zacblack09,breethe-meditation-sleep,920161006
False,"{'id': 23272113, 'body': 'Hi ortegaboricua! ğŸ¤© We\'re sorry to hear that you don\'t like one of our teacher\'s voice. There are many more teachers, though! Please tap ""Library"", scroll down to ""Authors"" and tap ""Teachers"" - that\'s where you can select any of the other available teachers and all the available content from them. Enjoy! â¤ï¸', 'modified': '2021-06-08T20:10:43Z'}",1,Couldnâ€™t get past the voice,"Iâ€™m sorry. I couldnâ€™t make it a few minutes without being annoyed by the narratorâ€™s voice. Maybe itâ€™s just me, but I could hear the saliva from the tongue hitting the palette when almost anything was being said, and thatâ€™s too much for me.",2021-06-07 11:32:17,ortegaboricua,breethe-meditation-sleep,920161006
False,"{'id': 23624912, 'body': ""Hello Jeff Pham â¤ï¸ You can actually download the tracks you like to be able to your device and listen to them offline. You can also loop them! Please drop us a line at support@breethe.com and we'll be happy to guide you through it ğŸ¥°"", 'modified': '2021-06-28T09:29:30Z'}",4,Great music!,I really enjoy the music but I wish I could play the music offline and repeat the tracks!,2021-06-25 06:40:34,Jeff Pham,breethe-meditation-sleep,920161006
False,"{'id': 23568124, 'body': ""Hi samer kader! Please note that you can actually adjust the volume of music and the voice guidance independently. You can also find every one of the background tracks you hear included with the meditations on their own, in the Music & Sounds section of the app. If you're looking for any particular ones - please drop us a line at support@breethe.com and we'll be happy to help you locate them. We hope to hear from you soon! â¤ï¸"", 'modified': '2021-06-24T14:19:38Z'}",1,Noisy,"The sound background if really let you relax but when you choose any options the human voice so annoying and it let the nap goes away 

Just make it smooth music like the background music better without human voice",2021-06-22 21:26:48,samer kader,breethe-meditation-sleep,920161006
False,"{'id': 22795478, 'body': ""Thank you so much for the review, Arnoldcraft ğŸ˜ We're happy to hear that you are enjoying Breethe! ğŸ§˜\u200dâ™€ï¸ğŸ¥°ğŸ§˜\u200dâ™‚ï¸"", 'modified': '2021-05-13T20:53:26Z'}",5,Anxiety relief to the max,I have severe anxiety and this app allows me to get rid of it. Highly recommended to everyone,2021-05-12 13:17:12,Arnoldcraft,breethe-meditation-sleep,920161006
False,"{'id': 20247625, 'body': 'And the feeling is mutual, pajaethepronesseverdeen! ğŸ¥°â¤ï¸', 'modified': '2021-01-07T17:21:08Z'}",5,"Iâ€™ve tried several other meditation apps, but love this one",Iâ€™m just loving Breethe,2021-01-05 12:55:07,pajaethepronesseverdeen,breethe-meditation-sleep,920161006
False,"{'id': 20639593, 'body': ""We're glad to hear that we've helped, Three6Serpent! ğŸ¥°"", 'modified': '2021-01-25T18:44:37Z'}",5,"Iâ€™m sold, 5 stars",Any app that can pull me out of a panic attack this well gets my seal of approval.,2021-01-22 05:55:39,Three6Serpent,breethe-meditation-sleep,920161006
False,"{'id': 21120685, 'body': 'Thank you for taking the time to write this review, joeduvetnay! â¤ï¸ And you are 100% right - we all need some more light in our lives! â˜€ï¸', 'modified': '2021-02-17T19:08:07Z'}",3,Thank you,"I appreciate this application, as a combat veteran, patriot and supportive citizen this day and age calls for hope with perseverance, the world has darkness and negativity yet, there are tools to ease the mind and itâ€™s called Breath.",2021-02-15 14:21:38,joeduvetnay,breethe-meditation-sleep,920161006
False,"{'id': 22599440, 'body': ""Hi jayshannon18 â¤ï¸ The free version of the app actually offers hundreds of free meditations and other content! Please drop us a line at support@breethe.com and we'll be happy to point you in the right direction and explain how to find them. We hope to hear from you soon! ğŸ‘"", 'modified': '2021-05-03T20:15:45Z'}",1,Money hungry,"This app is completely useless without spending $90 for a year subscription. Itâ€™s very misleading to say the least.  I followed an ad to the App Store just to have access to 2 or 3 sounds, this is pathetic. I would give 0 stars if possible. Smh",2021-04-30 05:01:59,jayshannon18,breethe-meditation-sleep,920161006
False,"{'id': 22541357, 'body': ""Thank you for the review, Video_Gamer9002! â¤ï¸ We'd love to be able to offer Breethe 100% free but it costs a lot to spend thousands of hours in the studio, record thousands of meditations, music tracks, bedtime stories etc. It's a lot of work for many people!ğŸ§˜\u200dâ™€ï¸ğŸ§˜\u200dâ™‚ï¸ We hope that you understand and continue enjoying Breethe! ğŸ¥°"", 'modified': '2021-04-29T20:26:00Z'}",4,Decent,"This is a great app, but itâ€™s stupid that there is a subscription to something that is supposed to help you.",2021-04-28 02:56:21,Video_Gamer9002,breethe-meditation-sleep,920161006
False,"{'id': 21803465, 'body': ""Hello 1290low! We're sorry to hear about the issues you are experiencing with your phone. I can assure you that Breethe won't cause issues with your device. The app is extensively tested by us and by Apple before it is made available for download. Also - Breethe does not share your personal information. The only information shared is anonymous usage statistics.  Please contact us at support@breethe.com if you need any further information or assistance. We hope to hear from you soon! â¤ï¸"", 'modified': '2021-03-22T19:17:47Z'}",1,Disappointed,"I was excited to try this app. After installing it my phone began to glitch. So I was forced to delete it, bummer! I donâ€™t love the fact that they share your personal information either.",2021-03-20 17:36:37,1290low,breethe-meditation-sleep,920161006
False,"{'id': 21547860, 'body': ""Hi Tanyeshka â¤ï¸ We're sorry to hear about that! Please contact us at support@breethe.com and mention this review. We'll be happy to look into the issue and help you resolve it! ğŸ‘"", 'modified': '2021-03-09T18:54:41Z'}",1,Apple Watch Breathe app doesnâ€™t work,I have a brand new Apple Watch. The app works fine in the iPhone but just loads indefinitely on the watch and then gives up. Very disappointing and support for the app not helpful in solving the issue at all.,2021-03-07 22:03:12,Tanyeshka,breethe-meditation-sleep,920161006
False,"{'id': 20485646, 'body': 'And thank you too, too alert! ğŸ¥°', 'modified': '2021-01-18T21:05:45Z'}",5,This simply works,"So impressed, thank you!",2021-01-16 08:21:21,too alert,breethe-meditation-sleep,920161006
False,"{'id': 22375838, 'body': 'Thank you so much, Bird girl 83! â¤ï¸ğŸ¤©', 'modified': '2021-04-21T12:46:26Z'}",5,Game changer,This app is beautiful and life changing. 100% recommend.,2021-04-20 04:49:27,Bird girl 83,breethe-meditation-sleep,920161006
False,"{'id': 23272258, 'body': ""Hello EVEY â¤ï¸ Thank you for the review! Please drop us a line at support@breethe.com and we'll be happy to let you know about the current special offers we are running. We hope to hear from you soon! ğŸ¤©"", 'modified': '2021-06-08T20:25:01Z'}",4,Rating app,I would like this app better if wasnâ€™t so pricey!,2021-06-06 13:08:45,EVEY,breethe-meditation-sleep,920161006
False,"{'id': 20379635, 'body': 'Thank you, hlueys! ğŸ¥°', 'modified': '2021-01-13T15:47:53Z'}",5,Really good,"This app helped me go to sleep and is very soothing, I do recommend itğŸ˜!!",2021-01-12 11:11:07,hlueys,breethe-meditation-sleep,920161006
False,"{'id': 21005057, 'body': 'Thank you, thezenfreak! ğŸ¥°', 'modified': '2021-02-11T17:25:24Z'}",5,Amaze balls,Super helpful and makes you feel good in any situation,2021-02-09 21:51:40,thezenfreak,breethe-meditation-sleep,920161006
False,"{'id': 22226609, 'body': ""Hello there â¤ï¸ The purpose of Breethe is exactly that - to add to a healthier lifestyle by helping you meditate and relax! As for the price, please note that with the Lifetime Premium membership you could reduce the average monthly cost to below $1. Drop us a line at support@breethe.com and we'll be happy to let you know about the current special offers, discounts etc. We hope to hear from you soon! ğŸ˜"", 'modified': '2021-04-13T21:18:53Z'}",1,What a disappointment,"I thought the App seemed like a new
Tool that could add to a healthier lifestyle but the prices to unlock the areas you identify you would like to focus and on are more than I would pay for an app.",2021-04-12 01:23:14,DeletetheBreetheApp,breethe-meditation-sleep,920161006
False,"{'id': 21147287, 'body': 'Thank you so much, ByteStitch ğŸ˜ Happy meditating! ğŸ§˜\u200dâ™€ï¸ğŸ§˜\u200dâ™‚ï¸', 'modified': '2021-02-18T19:31:45Z'}",5,Great app,"I have been using this app for 205 days.
I love it!
A wide selection in type and length.
This is now my go to app for sleep!
And customer support is prompt and helpful.
THANK YOU For this app",2021-02-16 17:44:00,ByteStitch,breethe-meditation-sleep,920161006
False,"{'id': 22057139, 'body': ""Hi flaco36 â¤ï¸ Please drop us a line at support@breethe.com and we'll be happy to check the details and help you address the issue. We hope to hear from you soon! ğŸ¥°"", 'modified': '2021-04-05T19:48:15Z'}",1,On while sleeping,"OK, maybe I need some help. How do you get the music to continue with the phone screen goes black. The music seems to cut off. How do you keep the music playing",2021-04-01 18:55:10,flaco36,breethe-meditation-sleep,920161006
False,"{'id': 21325007, 'body': ""We're happy to hear that you enjoy Breethe, alysealice! â¤ï¸ As for the free meditations - we will continue adding more of them, so stay tuned ğŸ¥°"", 'modified': '2021-02-26T18:16:15Z'}",4,Nice app!,I wish more of the meditations were free regardless itâ€™s still a great app,2021-02-25 10:20:42,alysealice,breethe-meditation-sleep,920161006
False,"{'id': 21222310, 'body': ""Hi Speedy47436. We understand your concerns regarding privacy and you are absolutely right to make sure your personal information is safe! You can rest assured that Breethe only uses the data to keep a track of your progress and for general analytics' purposes. We also do not share your details with anyone - your data is safe with Breethe! And if you use the Sign In With Apple option to log in - we won't even know your email address ğŸ˜‰"", 'modified': '2021-02-22T20:15:32Z'}",1,Was interested and then....,Warnings that they can track you with your data and other companies associated with them can to,2021-02-19 03:45:58,Speedy47436,breethe-meditation-sleep,920161006
False,"{'id': 23072759, 'body': ""Hi Jackariaonfire â¤ï¸ It doesn't sound like something that changed with the latest update. We did, however, rearrange some options within the app. Please contact us at support@breethe.com and we'll be happy to assist you and help you find the options you enjoy using! ğŸ§˜\u200dâ™€ï¸ğŸ§˜\u200dâ™‚ï¸"", 'modified': '2021-05-28T19:21:01Z'}",1,This was greatâ€¦..,This app was great until they removed the option to extend the zen like music after the meditations. Not even worth using after the update.,2021-05-27 04:03:57,Jackariaonfire,breethe-meditation-sleep,920161006
False,"{'id': 22727926, 'body': 'Thank you for the review, NXZ splash! â¤ï¸ You are correct - the free version offers a couple of hundred meditations and to enjoy thousands more you need a Premium membership. The good thing is - you can enjoy it for as little as $0.52 per month! ğŸ‘', 'modified': '2021-05-10T19:16:17Z'}",4,Cool,Itâ€™s cool but for some things you have to get premium,2021-05-07 03:38:25,NXZ splash,breethe-meditation-sleep,920161006
False,"{'id': 20862144, 'body': ""Hi MathiasTolerain â¤ï¸ You are welcome to test Breethe and use the free version of of the app without sharing any payment details for as long as you'd like! All you need to do is refuse the free trial offer (as it will automatically become a paid subscription unless cancelled - as explained on the free trial screen). You can use hundreds of free items without ever having to upgrade! Please drop us a line at support@breethe.com and we'll be happy to assist you. We hope to hear from you soon! ğŸ¥°ğŸ‘"", 'modified': '2021-02-04T16:23:51Z'}",1,Software as a Lackluster Service,Malarkey â€œSoftware as a Serviceâ€ recurring subscription scam. Wont even let you sample the appâ€™s functionality without a credit card. No free version? 1 star.,2021-02-03 11:11:53,MathiasTolerain,breethe-meditation-sleep,920161006
False,"{'id': 21573624, 'body': ""We're sorry to hear about that, Bad Ace!!! If your audio system supports AirPlay than you should be able to play it. Please drop us a line at support@breethe.com and we'll be happy to assist you! ğŸ¥°"", 'modified': '2021-03-10T19:30:08Z'}",3,No Airplay Support?!?!?,"App seems beautiful, but I canâ€™t listen on airplay to my stereo system. This makes it unusable for me.",2021-03-08 19:09:59,Bad Ace!!!,breethe-meditation-sleep,920161006
False,"{'id': 23272188, 'body': 'Hello BryBry ğŸ¤ We\'re sorry to hear that this is how you feel! It would be great if you could contact us at support@breethe.com and let us know what do you mean by ""not like the advertisements"". We\'d love to hear your feedback! â¤ï¸', 'modified': '2021-06-08T20:17:24Z'}",1,Not helpful,"Pretty useless. Not like the advertisements at all. Did not enjoy, and deleted app after 5 minutes",2021-06-07 07:21:11,BryBry..,breethe-meditation-sleep,920161006
False,,5,Worth it,Much needed,2021-01-28 13:35:38,Bearearl,breethe-meditation-sleep,920161006
False,"{'id': 20862039, 'body': ""Hi Plastic queen â¤ï¸ You can use the free version of Breethe without having to share any payment details! All you need to do is refuse the free trial offer (as it will automatically become a paid subscription, as explained on the free trial screen) and you can enjoy Breethe using the free account for as long as you'd like. There are hundreds of free items available and we rotate them every once in a while to make sure that users with free accounts can enjoy more content! If you need any help with that, please drop us a line at support@breethe.com and we'll be happy to help. We wish you wonderful meditations! ğŸ§˜\u200dâ™€ï¸ğŸ¥°ğŸ§˜\u200dâ™‚ï¸"", 'modified': '2021-02-04T16:15:47Z'}",1,Why?,Canâ€™t even try it without giving a credit card,2021-02-02 03:16:39,Plastic queen,breethe-meditation-sleep,920161006
False,"{'id': 20485716, 'body': 'Thank you, Itgotmemoving! ğŸ˜', 'modified': '2021-01-18T21:21:36Z'}",5,Best App ever,Will never cancel this subscriptionâ€”ever....,2021-01-16 10:26:20,Itgotmemoving,breethe-meditation-sleep,920161006
False,"{'id': 20223307, 'body': ""We're very happy to hear that, surfer girl! â¤ï¸"", 'modified': '2021-01-06T17:59:44Z'}",5,Amazing,"This is an amazing app it helps me relax it helps me fall asleep. It is amazing!!!!!!!!!!!!!!!!!!
            :)       ;)          ;)",2021-01-05 02:46:54,"surfer girl @""",breethe-meditation-sleep,920161006
False,"{'id': 22687497, 'body': ""Hi RayHewitt67! ğŸ¥° There are many people in the world who have trouble sleeping. Some people pay for pills or other remedies, while some prefer to pay for an app that will help them fall asleep through meditation, bedtime stories, hypnotherapy, soothing sounds of nature etc. The bottom line is - you don't need to pay for it and we sincerely wish that you never experience trouble sleeping. Unfortunately, though, there are those who do and we are proud to say that Breethe has helped many of them over the years! ğŸ§˜\u200dâ™€ï¸ğŸ˜´ğŸ§˜\u200dâ™‚ï¸ "", 'modified': '2021-05-07T21:35:11Z'}",3,ğŸ‘ğŸ»,"So you have to pay monthly to fall asleep. LOL 
I donâ€™t think so!!!",2021-05-06 05:35:58,RayHewitt67,breethe-meditation-sleep,920161006
False,"{'id': 22336345, 'body': ""We're sorry to hear that, SpikeGonzo! It would be great to hear what suggestions you have for us to make the app more useful for you. Could you, please, drop us a line at support@breethe.com? Thank you in advance! ğŸ¥°"", 'modified': '2021-04-19T20:47:35Z'}",1,Worthless,Iâ€™m Deaf and I thought this tools are awesome until thereâ€™s music and audio where there is no subtitle so itâ€™s useless for native signer!,2021-04-16 01:34:43,SpikeGonzo,breethe-meditation-sleep,920161006
False,"{'id': 21934777, 'body': 'Thank you so much, Queen B AZ2! ğŸ˜', 'modified': '2021-03-29T21:01:55Z'}",5,Calming,Wonderful for body mind and soul.,2021-03-26 21:11:21,Queen B AZ2,breethe-meditation-sleep,920161006
False,"{'id': 20760916, 'body': ""We're sorry to hear that you didn't enjoy the app! As for deleting it, there certainly shouldn't be anything preventing you from doing it (it's the same exact process as with deleting any other app from your device). Please contact us via support@breethe.com and we'll be happy to assist you! â¤ï¸"", 'modified': '2021-01-31T19:00:15Z'}",1,Do not get this app,"This app is worthless, and Apple will not allow you to delete it.",2021-01-30 10:08:06,1-1g,breethe-meditation-sleep,920161006
False,"{'id': 20325953, 'body': ""Hi Tr2109, Breethe is a FREE app with a paid subscription option. You are welcome to use hundreds of free meditations (and plenty other content!) for as long as you'd like without ever paying a cent. Please drop us a line at support@breethe.com and we'll be happy to guide you in the right direction. We hope to hear from you soon! ğŸ¥°"", 'modified': '2021-01-11T18:09:58Z'}",2,$$$$$$$,Yaâ€™ll forget to mention itâ€™s pay to use. Wasted my 96mb if download bandwidth,2021-01-08 05:20:00,Tr2109,breethe-meditation-sleep,920161006
False,"{'id': 22057259, 'body': ""We're sorry to hear that you did not find the app useful, miyffdy. Breethe was created to help everyone get into meditation and relax. We believe that this is important (especially under the current global circumstances), but we understand that not all of us enjoy the same things. We hope that you find something that will work for you! â¤ï¸"", 'modified': '2021-04-05T19:55:49Z'}",2,Pointless,Pointless app,2021-04-02 07:19:01,miyffdy,breethe-meditation-sleep,920161006
False,"{'id': 21222317, 'body': ""Hi celia p. We understand your concerns regarding privacy and you are absolutely right to make sure your personal information is safe! You can rest assured that Breethe only uses the data to keep a track of your progress and for general analytics' purposes. We also do not share your details with anyone - your data is safe with Breethe! And if you use the Sign In With Apple option to log in - we won't even know your email address ğŸ˜‰"", 'modified': '2021-02-22T20:16:08Z'}",1,Data tracker,The policy says Globally it can track or trace you with your permission. Good luck with that but me no thanks.,2021-02-20 05:09:16,celia p,breethe-meditation-sleep,920161006
False,"{'id': 23397881, 'body': 'Thank you, Just Me! â¤ï¸', 'modified': '2021-06-15T13:49:42Z'}",5,Just Me,Very nice,2021-06-13 19:43:23,asdfgoiutrqvvjj135,breethe-meditation-sleep,920161006
False,"{'id': 21548139, 'body': ""Hi Foukahu! You need to cancel via the App Store's Subscriptions section. Please drop us a line at support@breethe.com and we'll be happy to provide you with step-by-step instructions on how to do it ğŸ¥°"", 'modified': '2021-03-09T19:14:32Z'}",5,How,How do I unscripe,2021-03-08 08:30:00,Foukahu,breethe-meditation-sleep,920161006
False,"{'id': 21716339, 'body': ""Hello AHinMaine ğŸ™‚ Did you know that you can use Breethe 100% free and without ever having to pay a dime for it? There are hundreds of free items for you to enjoy! And if you do decide to go for the Premium membership and unlock thousands more - it can work out to less than $4 per month ğŸ‘ Drop us a line at support@breethe.com and we'll be happy to let you know about the current promotional offers etc. We have plenty of sane pricing options available for you! ğŸ˜‰â¤ï¸ğŸ§˜\u200dâ™€ï¸"", 'modified': '2021-03-17T20:28:30Z'}",1,Bwahahahahaha!!!,"Downloaded this before I noticed the hilarious, ludicrously insane in-app purchase prices. Uninstalled. 

Sane pricing please.",2021-03-16 07:14:07,AHinMaine,breethe-meditation-sleep,920161006
False,"{'id': 22859167, 'body': ""Hello kabbiegal ğŸ‘ Please note that Breethe is a free app and you can use the free version for as long as you'd like without ever having to pay a cent. There are hundreds of meditations available to free users. There is also a Premium version that unlocks access to thousands more - you can access it via an in-app purchase. We hope that this clarifies things for you! If you have any other questions or need any further assistance, please drop us a line at support@breethe.com â¤ï¸"", 'modified': '2021-05-17T19:29:45Z'}",1,In app purchases,â€œIn app purchasesâ€ means 14 day free trial and then you will be charged a monthly fee,2021-05-16 04:04:56,kabbiegal,breethe-meditation-sleep,920161006
False,"{'id': 22687450, 'body': ""Hi WrK212! Thousands of people use Breethe daily and enjoy the difference it makes in their lives. We do, however, understand that it isn't for everyone. We hope that you find something that works for you! â¤ï¸"", 'modified': '2021-05-07T21:28:03Z'}",1,Snowflakes,Land of smiles?  Your bed is supportive of you?  Unreal feeble snowflakes actually use this nonsense!,2021-05-06 01:47:00,WrK212,breethe-meditation-sleep,920161006
False,"{'id': 23247666, 'body': 'Hello Promstar! ğŸ¤© We\'re sorry to hear that you don\'t like one of our teachers. There are many more available, though! If you tap ""Library"", scroll down to ""Authors"" and tap ""Teachers"" - you will be able to select one of many other teachers. It will also show you all of the content from the selected one. Please drop us a line at support@breethe.com if you need any further assistance! ğŸ™', 'modified': '2021-06-07T18:43:15Z'}",1,Garbage,The guy doing the hypnosis is a joke. Awful.,2021-06-06 06:13:50,Promstar,breethe-meditation-sleep,920161006
False,"{'id': 23159590, 'body': 'Hi MacGeek08 â¤ï¸ Could you please drop us a line at support@breethe.com and let us know what do you think we could do to improve on that? Your input would be very much appreciated! ğŸ¥°', 'modified': '2021-06-02T19:35:26Z'}",1,Hmm,Itâ€™s no deaf friendly. :(,2021-06-01 08:06:30,MacGeek08,breethe-meditation-sleep,920161006
False,"{'id': 20562012, 'body': ""Hi Ottertail49. We're sorry to hear that! Please drop us a line at support@breethe.com and let us know if there is anything we could do to change that. We hope to hear from you soon! â¤ï¸"", 'modified': '2021-01-21T19:57:08Z'}",1,david,not impressed,2021-01-20 08:47:46,Ottertail49,breethe-meditation-sleep,920161006
True,"{'id': 23113428, 'body': ""Thank you for a wonderful review, Smokeyboy2016! â¤ï¸ Please note that you can use your device's timer for this exact purpose. All you need to do is set the desired time and then click When Timer Ends and scroll to the bottom of the list of sounds to select Stop Playing. Happy meditating! ğŸ§˜\u200dâ™€ï¸ğŸ§˜\u200dâ™‚ï¸"", 'modified': '2021-05-31T21:33:14Z'}",5,Suggestions,"I use this every night but have gotten bored of some of the sleep songs. You need to have a lot more free options for sleep music especially and need to include a sleep timer like Spotify does, other than that I really like it please let me know if you can make a change",2021-06-01 02:29:34,Smokeyboy2016,breethe-meditation-sleep,920161006
False,"{'id': 23181089, 'body': ""Hi bobbuda â¤ï¸ We're sorry to hear about your experience. If you started your subscription via Apple, they usually process the charges up to 24 hours in advance, which could be why you were charged despite cancellation. Please contact us at support@breethe.com - we answer every message within a maximum of 24 hours and will be happy to assist you with the refund. We hope to hear from you soon! ğŸ‘"", 'modified': '2021-06-03T18:45:31Z'}",1,Bad Experience,"To begin, the app was not for me. I cancelled the subscription within the allowable time frame of 14 days, only to be charged the monthly fee of $12.99 anyway. After filing a dispute through PayPal (good luck contacting the app developer directly), I was told my request was denied.",2021-06-01 16:45:43,bobbuda,breethe-meditation-sleep,920161006
False,"{'id': 20886700, 'body': 'Thank you so much for taking the time to write such a moving review, AmberNYoung1983@! ğŸ¥° You have no idea how amazing it is for us to read it and know that could help. Thank you! â¤ï¸ If there is anything at all that we could do for you, please do not hesitate to contact us at support@breethe.com. We wish you wonderful meditations! ğŸ§˜\u200dâ™€ï¸', 'modified': '2021-02-05T17:23:08Z'}",5,Love this App,"This App saved my life last year. Literally. I wanted to start meditating to calm my nerves and reactions so I downloaded this to try. I fell in love with it from the first day. I listened almost everyday as soon as I woke up. It made me feel so much better. Guided me on how to meditate bc I was a newby and had no idea what I was doing.  This app made me look inside myself and calmly deal with my internal problems as well as calmed my reactions to things and my complete outlook on life really. I was happier and calmer. I lived in the moment instead of worrying. But, I stopped listening when my soon to be ex cut my phone off and I had to get a new phone. I was just dealing with all of that drama, my kids and the holidays it was awful. Iâ€™ve had a rough week or so and I needed something to calm my nerves and make me focus. Then I remembered this app and immediately downloaded it. I have listened this morning and already feel a bit calmer. I have missed this app and when the 14 day free trial is up I am going to pay the $89.99/yr subscription fee Bc I can not go without this app again. I need it in my life on a daily basis. Period.  Thank you to whoever created it and all of the meditation help. Thank you for saving my life. Twice.",2021-02-03 16:41:16,AmberNYoung1983@,breethe-meditation-sleep,920161006
False,"{'id': 23030349, 'body': ""Hi lg992! We're sorry to hear about the flood of spam you received (wow, 75 spam emails in an hour? ğŸ˜³). Please note that Breethe doesn't share your email address, so it certainly has nothing to do with us. What I would recommend in the future, is to use the Sign in with Apple option to register in apps and on various websites. When you select it, Apple will create a temporary email address and will hide your own behind it. This is a great option to protect your email address from spammers. As for the subscription price - please drop us a line at support@breethe.com and we'll be happy to let you know of the specials we're currently running. We hope to hear from you soon! â¤ï¸"", 'modified': '2021-05-26T19:41:21Z'}",1,After downloading I received 75 spam emails,Iâ€™m wondering if this has happened to others. I downloaded this app then the next day within one hour I received over 75 spam emails.  I didnâ€™t do anything different other than download this app.  Unfortunate since I think the app is nice but 12.99 a month is steep.,2021-05-25 13:28:49,lg992,breethe-meditation-sleep,920161006
False,"{'id': 22622090, 'body': ""Hi littlenicki â¤ï¸ The purpose of Breethe is to help anyone start, and continue, on their meditation journey. The app was created to make it as easy and as pleasant as possible. You are right - there are many other sources that offer free meditations but the content you find within Breethe is unique and you won't find it anywhere else. It also consists of a lot more than just meditations! You can enjoy hypnotherapy, bedtime stories, talks, masterclasses, music and plenty more. And if you'd like to lower the cost - the Lifetime Premium membership can bring the cost down to as little as $0.52 per month! Please drop us a line at support@breethe.com and we'll be happy to let you know of the special offers we are running at the moment. We hope to hear from you soon! ğŸ¥°"", 'modified': '2021-05-04T22:07:42Z'}",2,Here nor there,"I guess if working on breathing and calming your body before sleep is a totally novel concept to you, then this app might be really helpful. That said, you can get the exact same effect on your own if you just educate yourself on meditation and sleep science a bit. And $12 a month?! Thatâ€™s more than Spotify or Apple Music. Come to think of it, they both probably offer some pretty great guided mediations themselves!",2021-05-03 12:20:23,littlenicki,breethe-meditation-sleep,920161006
False,"{'id': 22470101, 'body': ""Hello Selenasmom â¤ï¸ Thank you for your (slightly confusing ğŸ˜‰) review and for recommending Breethe! We're happy to hear that you're sleeping well - it's great to be able to enjoy that ğŸ˜´ Please note that sleeping is only one of many topics of Breethe's meditations. Please drop us a line at support@breethe.com and we'll be happy to tell you all about it! ğŸ¥°"", 'modified': '2021-04-26T20:05:12Z'}",3,Its okay,"Alright itâ€™s a great app but it really doesnâ€™t help me. But donâ€™t get my review in the way of you enjoying the app. If you read this and you where about to get the app donâ€™t think itâ€™s a bad app. And itâ€™s not worth all the money. Even though I didnâ€™t buy it. But again donâ€™t let my review get in the way of you getting the appğŸ˜‚ so Iâ€™m not a huge fan but I know a lot of people on earth have trouble sleeping, and thereâ€™s nothing wrong with that. So you can download this app itâ€™s okay for me but.. not a huge fanğŸ˜‚ so itâ€™s great but I sleep well.so guys Iâ€™m just telling you how I feel about the app. Not that Iâ€™m telling the owner they did a bad job. This is the best I can rate for this app. So again I sleep very very well. I hope you guys like it. And again not a huge fan of this wonderful app. But still you guys should totally download this

M

App by rate enjoy",2021-04-25 04:36:18,Selenasmom,breethe-meditation-sleep,920161006
False,"{'id': 22132659, 'body': ""Hi JJPMom â¤ï¸ Please note that when you accept the free trial, we note that it will automatically become a paid subscription after 14 days - unless you cancel it. As for the refund, please note that we have no way to directly refund a payment charged by Apple. We are happy to walk you through requesting it from Apple, though. It's a quick and simple process. Please drop us a line at support@breethe.com and our support team will be happy to assist you! ğŸ‘"", 'modified': '2021-04-08T18:55:16Z'}",1,No free trial,"I signed up for a free trial; however, I was charged $12.99. Breethe would not credit my account.",2021-04-07 14:57:59,JJPMom,breethe-meditation-sleep,920161006
False,"{'id': 20198744, 'body': ""Thank you for the review, The Most Wonderful App Critic (a fitting name, btw ğŸ˜‰)! We hope that you continue enjoying the app and if you have any questions or need help with anything at all - please drop us a line at support@breethe.com and we'll be happy to help! ğŸ˜"", 'modified': '2021-01-05T18:04:49Z'}",5,The best out of all of them,"Ok so, I have tried almost all the apps out there that offer relaxation, starting with calm, to headspace to so many other ones. I donâ€™t feel like I should be charged to be relaxed, however, most meditations on YouTube arenâ€™t helping. All the other apps only have about one feature that is free, and then they tell me I have to pay. I only had this app for about 2 days, and I can already tell itâ€™s a keeper. So many things to try, with not only good quality, but most things are free. If you are willing to pay, Iâ€™m sure it would be an even better experience.",2021-01-04 02:20:01,The Most Wonderful App Critic,breethe-meditation-sleep,920161006
False,"{'id': 20639778, 'body': ""Hello Arcadedog! Please note that with the Lifetime Premium membership you can bring the monthly cost to well below $4 ğŸ˜ Please contact us at support@breethe.com and we'll be happy to let you know about current special offers. We hope to hear from you soon! ğŸ¥°"", 'modified': '2021-01-25T18:57:40Z'}",1,$12.99/mo - Nah,"Nice app, but sorry... not paying that. I could legit add another streaming service to my TV for that. Thatâ€™s my Netflix or Hulu bill.",2021-01-22 11:48:46,Arcadedog,breethe-meditation-sleep,920161006
False,"{'id': 20537904, 'body': ""Hi Beauty Diva! ğŸ¥° Please note that Breethe consists of thousands of items you won't find on any radio ğŸ˜‰ As for the price, did you know that with the Lifetime Premium membership you can bring the price down to as little as $4 per month (and even less)? Drop us a line at support@breethe.com and we'll be happy to let you know about any special offers we are currently running. We hope to hear from you soon! ğŸ˜"", 'modified': '2021-01-20T21:48:38Z'}",1,$89.99 for a year? Are you kidding me?,I saw the add on Facebook and decided to check it out. Then found out itâ€™s 89.99 per year which IMO is ridiculously pricey. Youâ€™re better off tuning into Pandora radio. They have a lot of great stations. I play it on my Alexa at night.,2021-01-19 05:30:11,Beauty Diva,breethe-meditation-sleep,920161006
False,"{'id': 20272298, 'body': ""EDIT: You can, of course, find meditations on similar issues on YouTube but those included with Breethe are unique and made for Breethe specifically - you can't find them anywhere else. This being said - meditating is good for you either way so feel free to listen to whichever meditations you prefer! ğŸ§˜\u200dâ™€ï¸ğŸ‘ğŸ§˜\u200dâ™‚ï¸ \n\nHello Conor Hails! â¤ï¸\xa0Please note that meditations available within Breethe are unique and you won't find them on YouTube etc. Breethe contains thousands of meditations, hypnotherapy sessions, bedtime stories, music, nature sounds, talks & masterclasses and many other content types. Please drop us a line at support@breethe.com and we'll be happy to point you in the right direction, so that you can enjoy everything Breethe has to offer. We hope to hear from you soon! ğŸ˜"", 'modified': '2021-01-08T17:27:35Z'}",2,YouTube is better,"Pretty lame.  Generic meditation, music playlists, and rain noise. Can get this all on YouTube free.

Your meditations are not unique there are a number of free comparable products on the market. You absolutely can find this on YouTube donâ€™t tell me I cannot.",2021-01-06 22:00:08,Conor Hails,breethe-meditation-sleep,920161006
False,"{'id': 20198815, 'body': ""Alcohol isn't always the answer, Majitron! ğŸ˜œ Oh, and by the way - if you go for the Lifetime Premium membership the cost can drop to as little as $4 per month (so around $0.13 per day). There's no way you can get two shots for that! ğŸ˜‰ Drop us a line at support@breethe.com and we'll be happy to let you know about any special offers we are running at the moment. We hope to hear from you soon! ğŸ¥°"", 'modified': '2021-01-05T18:10:46Z'}",1,Price?,For $12.99 a month just take two shots before bed time and save the money. ğŸ˜‘,2021-01-04 08:29:38,Majitron,breethe-meditation-sleep,920161006
