date,title,rating,isEdited,userName,review,app_name,app_id,developerResponse
2021-02-01 19:41:43,Great for teens and young adults,5,False,ShelbyinSOWK615,"According to Moretti and Peled, depression is one of the most common issues of adolescence (2004). Adults experience a clarity of adolescent memories referred to as the reminiscence bump, likely the result of many firsts during this developmental stage (Steinberg, 2014); journaling and clarifying thoughts and emotions on these firsts can help in reflection and self-assurance. Additionally, Steinberg addresses the three R‚Äôs of adolescent brain development: reward, relationships, and regulation (2014). MindDoc would be helpful while the adolescent brain is in this stage of neuroplasticity; its design initiates reward-seeking behavior of completing tasks, and the acknowledgement of positive and negative emotions can help a teen learn to self-regulate. If a teen can recognize a pattern in their manic or depressive symptoms, they should be able to project that interpretation into their future and hopefully avoid or at least curb any risky behavior. While this app states that it is appropriate for ages twelve and above, it may be best for adolescents sixteen and older, during the time that their brains are better attuned to problem solving and abstract thought (Moretti & Peled, 2004).",minddoc-your-companion,1052216403,
2021-02-18 17:36:39,A Great and Safe app,5,False,Jenna SR,Honestly I downloaded this when I was feeling lonely and down and this app constantly through out the day sends you notifications and checks on you and how your feeling which I really enjoyed honestly and gave me ways to express my feelings it also has some things you can listen to help with things your struggling with and it really calms me especially since it‚Äôs hard to meet with a therapist during this time I really really love this app and support it definitely recommend getting if you need someone to talk to and help you explain and figure out your feelings throughout they day‚ù§Ô∏è just remember your always loved no matter what circumstances have a good day,minddoc-your-companion,1052216403,
2021-04-05 23:11:22,Daily questions were more triggering than helpful,2,False,Mai chu,"Was using this app to track my mood for anxiety and depression and for me, personally, I get triggered easily when exposed to negative thoughts or ideas so having the questions constantly asking if you‚Äôre sad or other such questions I found that it did more  bad than good. Most of the time I was in a pretty good mood but then after looking at the analysis it said my mood was critical which I found odd when it was really only a couple times I felt bad. Not everyone is happy 24/7 so it telling you you‚Äôre critically depressed because you weren‚Äôt in the best mood a few times was somewhat disappointing. I‚Äôd look to find an app that‚Äôs more uplifting and gives more positive outlook as opposed to negative questioning constantly. 2 stars because the mood tracking 3 times a day was nice.",minddoc-your-companion,1052216403,"{'id': 22168570, 'body': 'Hello, thank you so much for your detailed feedback. We are sorry that you were triggered by the questions and understand that you are not benefitting from using MindDoc this way. Unfortunately it is not possible to create a mental health companion that fits to everyone, even if we try to reach as many people as possible. Still, your feedback is very valuable to us and we will consider it. We wish you all the best, Your MindDoc team ', 'modified': '2021-04-11T09:52:21Z'}"
2021-05-12 19:05:40,Keep losing my data,3,False,‰ΩôÁ∏àÂÖ•Ëü¨Êúô,"I like the app and it has helped me manage my emotions and well being. However, I have lost my data several times twice and this is getting frustrating. I subscribed a year of membership for $47 but lost the first period of data not being able to find my account. I contacted customer service asking them to check all my email accounts but non of them were the ones used to subscribe for my membership, so it must‚Äôve been my iOS account. Could not retrieve it till this day. The second time, I didn‚Äôt subscribe anymore but still lost the second batch of data after the app signed me out and was unable to log in even if I clearly remembered my email and my password this time. Kept repeating ‚Äúlogin failed‚Äù.",minddoc-your-companion,1052216403,"{'id': 22812363, 'body': 'Hello, we are so sorry to hear that happened. Please contact us again via feedback@minddoc.de and refert to your review in the appstore. We will take a close look to this and try our best to help you. Best wishes, your MindDoc team ', 'modified': '2021-05-14T14:29:41Z'}"
2021-01-31 23:29:54,Starting to doubt this app...,2,False,whunersen,"I‚Äôve been using this app consistently for some time and greatly appreciate the insights I receive from being consistently mindful of my mental state. It helps me identify trends in my emotions, and properly informs my discussions with my therapist.

That being said, the biweekly ‚ÄúResults‚Äù are a cause for concern and I‚Äôm not sure what they are based off of. I reported a happy and positive mood for 24 out of 28 assessments that I responded to during my most recent time period. I‚Äôve been in a significantly better mood recently, but when given my results from the app as to the current assessment of my mental state, I am being told I am in ‚ÄúCritical need of mental care‚Äù

It‚Äôs deeply concerning to me that the main algorithm that‚Äôs supposed to inform users of their overall mental health seems to be so inaccurate. I‚Äôd like to think that this is because of something wrong with a background calculation, but I can‚Äôt help feeling that a part of these diagnoses are to try and push me towards paid features.

I highly encourage the team reach out to me and help me understand what these mental health results are based off of, because at the moment these insights are drastically missing the mark and it‚Äôs damaging my trust with the app.",minddoc-your-companion,1052216403,"{'id': 20813693, 'body': ""Hello, thank you for reaching out! We are sorry to hear that your result is deviating from your actual state of mind. Sometimes this happens because no algorithm is perfect but it should be an exception. We recently (friday) slightly changed the evaluations of the answers so your new results should be more accurate. If not, please contact us via feedback@minddoc.de and we'll find out what happens! We'd love to help. Your MindDoc team "", 'modified': '2021-02-02T17:21:55Z'}"
2021-01-25 17:54:35,This App WORKS!,5,False,Queenicole,"I was looking for something low maintenance, that allows me to check-in with myself daily, less than 2 minutes at a time (ya know gotta keep it moving!) & this is that App! The reflection portion of this App has helped me share my thoughts, feelings and basic emotions with others as i check-in daily here to keep track of how i‚Äôm really feeling. If you‚Äôre feeling a little out of your body, confused, sad, depressed, etc. I would absolutely recommend this App to you. Tie this in with your journaling, meditation or however you practice being a better you & I swear by the first month, you will see results!",minddoc-your-companion,1052216403,
2021-06-06 23:23:36,"Love it, could use some tweaks",5,False,Nichi Dani,"My only complaint is that standards of ‚Äúemotional health‚Äù feel catered to neurotypical people. I wish it rated emotional health for the individual rather than how it stacks up against ‚Äúnormal‚Äù people. Someone with chronic mental illness ends up seeing ‚Äúpoor emotional health‚Äù while they‚Äôre feeling better. This can be discouraging. 

Maybe the app could ask people questions early on about what ‚Äúnormal‚Äù is for them. Someone with chronic depression, for instance, may have a lower ‚Äúbaseline‚Äù than someone without. It doesn‚Äôt feel fair to show them consistently that their very best is ‚Äúmoderate‚Äù. 

In every other way I love the app!",minddoc-your-companion,1052216403,
2021-04-26 17:28:09,Definite Life Saver / Emotional Uplift,5,False,DrGreeble,"Totally skeptical, figured another greedy app not here to help me personally.  I used the free portions and was so impressed I did purchase the full features and it honestly saved my life. The app can detect your psyche down turns & pain in time to provide a connection between your crisis numbers as well as their crisis professionals. The tips, insights & education modules are in tune with my therapist and myself... a solid triad of care to definitely improve your well being. Thank You for developing such a powerful tool. As a health care professional I use this app and encourage others to as well.",minddoc-your-companion,1052216403,
2021-03-16 19:37:23,Not too impressed,2,False,ibklvr,"Your first assessment is after 14 days, yet you only a week trial.  That was the first thing that caused me to pause.
I‚Äôm on my second full day of questions and by 3:30pm it shows I missed my midday and have completed the other two.  I do get up early, but have at least 5 more hours of the day that won‚Äôt be accounted for.
And the last thing I have say something about is the questions themselves.  I don‚Äôt know if it is only me, but whenever I finish answering the questions I feel worse than when the reminder went off.  It is like they are trying to take me to a darker place.
Not even three days in and I‚Äôve cancelled the free trial.  Now it is time to delete the app, before I feel even worse!",minddoc-your-companion,1052216403,"{'id': 21727542, 'body': 'Hello, we are so sorry to hear that you are feeling worse when using MindDoc. This is not at all intended, our purpose is to help people. If you want, you can contact us via feedback@minddoc.de and to tell us what exactly is causing this. The reason for the times of your questions might be a wrong wake-up-time. Maybe this solves this problem. Best wishes, Your MindDoc team ', 'modified': '2021-03-18T08:46:48Z'}"
2021-02-02 00:25:44,"Good documentation, better questions?",4,False,Ideasfromme,"I like how MindDoc allows you to monitor your mood throughout the day and track it over time. Some of the questions can be triggering (not a bad thing just an observation). 

For chronic mental health issues, I think the questions should be better worded. For example, many of them ask ‚Äúare you experiencing ___ more than normal‚Äù which is hard to evaluate when your baseline is abnormal. Others will ask ‚Äúdo you often____‚Äù and then ask how much that applies to you. I would prefer if it read ‚Äúdo you ____‚Äù and then choose how much it applies.",minddoc-your-companion,1052216403,
2021-05-04 10:57:29,The concept is amazing.,3,False,"mom,artist,daughter","I love the concept. Giving people an opportunity to seek help when they can‚Äôt afford it or are too embarrassed to find it. (And for many other situations I‚Äôm sure.) Ingenious. After using it on and off for a month or so I realized that not all my emotions fit into the categories provided. I also started to realize the effect the questions had on my state of mind. If I was constantly being asked about my sadness, and I was trying to answer truthfully, it made things worse and I sunk deeper. Perhaps hitting bottom makes you move, but I‚Äôm not sure everyone is like that.",minddoc-your-companion,1052216403,
2021-03-24 20:22:06,Great app but flaky notifications,4,False,Mathis Celeb'Loki,"I really love this app and have been using it for over a year. It‚Äôs a great way to track my mood and keep a journal. It would be perfect if it wasn‚Äôt for the flaky notifications. Every time the app updates I don‚Äôt get notifications for days or more and then I forget to check in. It skews my results and I hate missing days. Everything else is awesome, from the advice it provides to the questions asked. It just needs to be consistent with notifying users about when to check in.",minddoc-your-companion,1052216403,"{'id': 22024774, 'body': 'Hello, thank you so much for reaching out about this and your kind words. Our tech team is already investigating this issue and we hope to fix it after the holidays. We apologize for the inconvenience. Best wishes, Your MindDoc Team ', 'modified': '2021-04-03T08:13:54Z'}"
2021-01-24 18:03:56,"Worth it, but with a flaw for me",4,False,Hobbit of the Shire,"I found MindDoc (previously Moodpath) when I was struggling with my mental health and wanted to track my emotions and journal my thoughts throughout the day. This app is perfect for that. 

Currently, the free version asks you a few questions 3x a day, allows you to record your emotional state and any thoughts, and gives you a report every two weeks. 

What appeals to me is the streamlined nature of the app. It has additional content for those interested, but for me, the free version fufills all that I need it to.

The only flaw is that I had data for about 6 months before they changed the name and structure of the app, resulting in the loss of all my journal enteries. Unfortunately, they were unable to retrieve the data due to the way the app was structured before. Other than this flaw, I really enjoy this app and would recommend it to others.",minddoc-your-companion,1052216403,
2021-01-19 14:14:50,More sensitive PANAS (good bad mood scale) needed but otherwise awesome app,4,False,RanMoLi,"I love this. As a therapist and someone managing my own mental health issues I have been able to better understand changes in mood and symptoms and relate them to events, patterns, changes in medication, etc. HOWEVER. I feel that it really needs a more sensitive mood scale. I think just two more points on the likert scale would be really helpful. ALSO. I would love to see a specific function to obviously show therapy sessions on the calendar and medication changes.",minddoc-your-companion,1052216403,"{'id': 20551773, 'body': 'Hello, thank you for your feedback. It is very important to us in order to improve MindDoc to receive suggestions like yours. We will discuss your ideas about a more sensitive mood scale, a wider range in answers and the option to track therapy & medication, in the team. Best wishes, Your MindDoc team ', 'modified': '2021-01-21T11:41:39Z'}"
2021-01-27 16:43:30,Marketing Scam for BetterHelp?,1,False,Jewelboxjane,I‚Äôm a therapist and was trying this app out to recommend to clients. The ratings system and evaluations have completely unrealistic expectations for what good mental health looks like. I‚Äôve been rated as having ‚ÄúPoor Mental Health‚Äù for several weeks because one day I feel unmotivated or because I haven‚Äôt been physically active recently. This thing screams at me every 2 weeks to ‚Äúseek therapy now‚Äù and feels like a marketing tool to get people who may not actually need therapy to sign up for Better Help. Having an off day or even a couple days is very normal. This might actually be damaging people‚Äôs perception of good mental health. Definitely DO NOT RECOMMEND!,minddoc-your-companion,1052216403,"{'id': 20749596, 'body': 'Hello, thank you for your honest feedback. We are sorry that the app did not show you a result reflecting your actual situation. This can happen sometimes but we are currently working on improving the accuracy of the results. For sure we are not trying to force people into therapy. Best wishes, Your MindDoc team ', 'modified': '2021-01-30T16:29:13Z'}"
2021-01-17 01:43:39,Good but,2,False,Schizob0t,"The app is good for tracking yourself and gives really helpful tips and tricks. Most of it is free but there is also a paid version that gives you other things like guided meditations.

But the thing that made me rate it a two is that I can‚Äôt get the app to notify me when new questions are due. I have notifications on, the app is up to date. I‚Äôve uninstalled/ reinstalled and nothing seems to get it to work. Notifications use to be fine and the app does remind me at random sometimes but I can‚Äôt get it to notify me on a regular basis. If I could get that to work again, I‚Äôd give this app a 5.",minddoc-your-companion,1052216403,"{'id': 20551856, 'body': 'Hello, thank you for contacting us! This is odd and we are sorry to hear you are still not receiving notifications. Please contact us via feedback@minddoc.de, so we can look into this. Best wishes, your MindDoc team ', 'modified': '2021-01-21T11:44:35Z'}"
2021-01-05 02:58:05,Use to love it,1,False,Jujubieber66,"I would be very adamant on keeping up on my mood posting on the app. I‚Äôve used it for 4 months. I absolutely hate the 14 day results. For 2 months all my moods have been good and very good but yet the results say I have critical emotional health and to seek therapy ASAP. I have absolutely nothing bad going on in life. I‚Äôve answered no when asked if I was being active and just other small stuff like that. It seems if you answer no to something you‚Äôre ‚Äúsuppose‚Äù to do, then it automatically docks you and says you need help. It‚Äôs super unrealistic. You can not be happy 100% of the time but just because I have 1 bad day a month, doesn‚Äôt mean my health is in critical condition.",minddoc-your-companion,1052216403,"{'id': 20286136, 'body': ""Hello, we are so sorry to hear that your result showed so much deviation to your actual state of mind. This is not at all intended. MindDoc is based on scientifically proven questionnaires but of course an algorithm can always show some variation to how you really feel. We'd love to find out why this happened. If you want to, please contact us via feedback@minddoc.de. Best wishes, Your MindDoc team"", 'modified': '2021-01-09T19:25:25Z'}"
2021-05-26 14:48:25,So far so good,5,False,Wezy229,It is really helping me keep track of my feelings through out the day. I haven‚Äôt finished the first 14 days yet. So idk how the first review works. Hopefully I will see improvement. I like being able to see how I‚Äôve felt over the last week. I didn‚Äôt realize my emotions were so up and down. It is very important to be completely honest when answering these questions. Otherwise what is the point?,minddoc-your-companion,1052216403,
2021-01-05 01:33:14,the perfect mental health journal,4,False,ccaracal,"after two weeks of using minddoc, there‚Äôs a lot to love. it‚Äôs filled its role as a mood tracker perfectly for me, enabling me to be more aware of how and what i‚Äôm feeling and when. it also supplements my counseling well and helps me to better describe how i‚Äôve been feeling since my last session.

however, after creating the maximum number of custom emotions i could as a free user and then deciding they weren‚Äôt relevant, i deleted them thinking i could replace them. i learned that this isn‚Äôt possible, and instead the app redirects you to the option to upgrade.

i‚Äôll absolutely add the fifth star if this could be fixed and perhaps allowed for free users to have a set number of custom emotion ‚Äúslots.‚Äù thanks for creating minddoc, as well as for taking the time to read my lil review! :-)",minddoc-your-companion,1052216403,
2021-02-07 19:34:19,Like it but there‚Äôs some issues,1,True,cheythegreat,"I have been using this app for about two months. Everything has been going well until recently, I don‚Äôt get any notifications for questions. Also, I can‚Äôt answer questions either by just going on the application during the times of my questions. There is no option or notifications for me to answer questions so I can‚Äôt track my daily moods.

Edit: after contacting the developer and almost 3 weeks later, I haven‚Äôt been able to track anything. I also did not receive any assistance with this issue. I will be deleting this app.",minddoc-your-companion,1052216403,"{'id': 20691963, 'body': 'Hi, thanks for reaching out! We are so sorry you are not receiving Push Notifications or questions. This sounds not at all intended. Please contact us via feedback@minddoc.de, so we can look into this. Best wishes, Your MindDoc team ', 'modified': '2021-01-27T17:43:58Z'}"
2021-06-14 12:19:04,Good App but Has Bugs,3,False,Pisces0198,"This app works well in everything it‚Äôs supposed to do except sending out notifications. For some reason (regardless of my settings) I don‚Äôt get any notifications from this app. I‚Äôve checked the settings multiple times to make sure they didn‚Äôt get turned off for whatever reason, but I never receive them. This is pretty problematic for me, as I have bad memory and don‚Äôt remember to log in and do the questions without notifications.",minddoc-your-companion,1052216403,"{'id': 23482932, 'body': ""Hi, thank you so much for reaching out to us. This sounds not at all intended and we are very sorry that you can't use MindDoc properly right now. We already received feedback from other users that they are not receiving any notifications and our development team is working hard on solving this issue ASAP. I hope that I can get back to you with some good news about this soon. Until then, thank you for your patience. Best wishes, your MindDoc team\n"", 'modified': '2021-06-20T18:49:04Z'}"
2021-05-05 23:31:27,Had me up until you blocked past months,1,False,Luis Berdiel,"I‚Äôll admit, this app was really good at first. It was a healthy way to document my emotions, and it was fun seeing my months light up in different colors! However, out of the blue it wouldn‚Äôt let me access my previous months without a MindDoc subscription. The only reason why I downloaded this app was to track my emotions throughout the months, and this paywall completely eliminates my purpose for having this app. I‚Äôm disappointed. At least specify that months are going to be blocked off unless you have a MindDoc subscription. Please do better next time.",minddoc-your-companion,1052216403,"{'id': 22677293, 'body': 'Hi Luis, thanks for reaching out about this. Our team would like to make MindDoc accessible to as many people as possible which is why we offer as much of the core content of the app as possible free of charge. However, as the app grows more complex we have to find ways to balance out the work. This is why we are offering a freemium model. We hope this was helpful! Best wishes, your MindDoc team', 'modified': '2021-05-07T10:50:32Z'}"
2021-05-26 23:14:53,It won‚Äôt help you a lot but it‚Äôs a good app,5,False,isalious,i really love this app. i remember downloading it a while ago and i just found it again. it really made me feel like i could actually accept that i was depressed bc i denied it for so long. there are also some good free exercises that help you calm down and just in general think you should try it and see if it will fit you.,minddoc-your-companion,1052216403,
2021-01-19 21:15:26,"Love app, but lost data!",2,False,Hobbit of the Shire,"I‚Äôve really enjoyed using this app. It‚Äôs very streamlined, just a mood tracker and journal. Perfect!

Unfortunately, when Moodpath switched to MindDoc, I got logged out (forgot the password) and lost my data. It won‚Äôt send me an email to reset it. I‚Äôm seeing other reviewers experiencing the same problem. I‚Äôve already contacted the support email with my issue and still waiting on a response. 

I‚Äôll update this review to five stars when it gets fixed because it‚Äôs worked great up till this point. Thank you!",minddoc-your-companion,1052216403,"{'id': 20551815, 'body': 'Hello, thank you for reaching out. We are very sorry you lost your data! We will contact you via mail as soon as we manage to bring it back. Our team is working hard to solve this inconvenient problem. Best wishes and thank you for your patience, your MindDoc team', 'modified': '2021-01-21T11:43:06Z'}"
2021-02-07 23:03:07,Notifications for mood entries are once again broken üòû,3,True,John Snow üé∂‚ùÑÔ∏èüî•,"Notifications haven‚Äôt been working since like 5 days now. I‚Äôve tried it all but nothing would seem to fix it just like last time (prior being fixed with the update). 

Please help. I try to enter moods when I remember, but it‚Äôs just not the same as getting the actual notifications from the app. I‚Äôm a subscriber, so I want to get the best out of the app. It‚Äôs been of great help. Thanks.",minddoc-your-companion,1052216403,"{'id': 18713878, 'body': 'Hello, thanks for reaching out to us! We are sorry for the inconvenience\xa0this may have caused. Indeed we have several users reporting us a similar problem. Our team already has identified the root cause and will implement a fix as soon as possible. - Your MindDoc Team', 'modified': '2020-10-26T16:37:54Z'}"
2021-02-10 22:51:19,Very helpful and insightful,4,False,DaLostDonutLover,"I would definitely rate this high. The questions they ask just make sense, and they provide a free connection if you have suicidal thoughts. I haven't connected for personal reasons, but it feels so encouraging knowing that they give this option. 

Like I said, the questions make so much sense and it helps me realize what habits and thinking patterns really go into deeper issues.",minddoc-your-companion,1052216403,
2021-03-18 09:42:44,Save specific moods and journal space,5,False,Lsilv5,"An opportunity to keep a safe entry of your thoughts and preoccupations, clean layout, notifications are consistent and motivate me to take a few minutes to do what they say, reflect. Wish there were more mood options for those of us with a struggling budget. 

Great app, highly recommend",minddoc-your-companion,1052216403,
2021-05-09 13:36:33,You don‚Äôt get much from the free version,2,False,Created nickname135,"Not sure why you can only see a months worth of history in the free version of the ‚Äú track your mood over time app‚Äù but what‚Äôs worse is that the free articles are kinda useless, aren‚Äôt very insightful, and don‚Äôt really give a reason to see what else you could get with the paid version
It‚Äôs a good idea but the free version is bare bones and there isn‚Äôt any incentive to pay for the premium version 

‚Ä¶ so it‚Äôs not really that good",minddoc-your-companion,1052216403,"{'id': 22830876, 'body': '\nHello, thanks for reaching out about this. Our team would like to make MindDoc accessible to as many people as possible which is why we offer as much of the core content of the app as possible free of charge. However, as the app grows more complex we have to find ways to balance out the work. This is why we are offering a freemium model. We hope this was helpful! Best wishes, your MindDoc team', 'modified': '2021-05-16T14:39:57Z'}"
2021-02-23 13:30:24,Great Way to Monitor Your Emotions & Feelings,5,False,EAwriter,I love to be able to track how I‚Äôm feeling daily. Especially if you‚Äôre truly honest of how you feel at that moment. It also helps me to realize I‚Äôm actually having a good day or achieving something that day. Helps me to focus on some of the positive.,minddoc-your-companion,1052216403,
2021-05-26 15:37:09,Helpful at making you mindful,5,False,arcarsination,It‚Äôs the only app I actually look forward to the notifications for. The reminders are helpful in taking a step back and reflecting on how you feel. Looking forward to using it more and more.,minddoc-your-companion,1052216403,
2021-01-08 16:18:55,No notifications and doesn‚Äôt save my entries.,2,False,josh_k_t,"Every since I switched from Moodpath to Mind Doc, this app has been giving me problems. I never get notifications/reminders at all even though I have it set for notifications. After answering the daily questions and typing a journal entry, It will randomly not save my entries and I have to repeat the process all over again. I had no problems with Moodpath idk what‚Äôs going on.",minddoc-your-companion,1052216403,"{'id': 20286093, 'body': 'Hi Josh, we are so sorry to hear that you are experiencing all these problems. We already received some reports of these two bugs and our team is working hard on solving it asap. Until then we thank you for your patience. If you have further questions, please contact us via feedback@minddoc.de. Best wishes, Your MindDoc team ', 'modified': '2021-01-09T19:20:52Z'}"
2021-02-01 03:10:37,Does anyone else always have critical to poor emotional health?,4,False,20 outta 10,I realized Im always in a good mood from my logs on the app but i feel lime with feelings that are normal that everyone gets this app is like WHOOP u need to get help right now you have critical mental health. I will say my mental health isnt worthy of an award but I wouldn‚Äôt say im in dire need of therapy. Like im chilling. Anyone else or do I actually need help?,minddoc-your-companion,1052216403,"{'id': 20813681, 'body': 'Hello, thank you for reaching out! We are sorry to hear that your result is deviating from your actual state of mind. Sometimes this happens because no algorithm is perfect but it should be an exception. We recently (friday) slightly changed the evaluations of the answers so your new result should be more accurate. If not, please contact us via feedback@minddoc.de. Your MindDoc team ', 'modified': '2021-02-02T17:20:52Z'}"
2021-01-03 08:05:57,Question about past data,4,False,Brookie201703,Hi I have a question about the change of the app. So I downloaded this app when it was called Moodpath (I think) and I had days logged in March-May and now that has disappeared with the update? Why did this happen? If you could let me know I‚Äôd be grateful thank you!!!,minddoc-your-companion,1052216403,"{'id': 20201571, 'body': ""Hello, thank you for reaching out about this. We are so sorry to hear that you lost your data. Please contact us via feedback@minddoc.de and send us your UiD. We'll do our best to bring it back! Best wishes, your MindDoc team "", 'modified': '2021-01-05T21:13:10Z'}"
2021-02-18 00:24:16,Too many questions,4,False,cnakjdjwjxkalkdnicknameistaken,"I love this app, but it asks so many questions that it makes me not want to track my mood anymore. The amount of questions is so annoying and makes it feel like a chore rather than something to help me. I miss the days when I only was asked three questions per entry!",minddoc-your-companion,1052216403,"{'id': 21222485, 'body': 'Hello, thank you for this review! We ask questions this often to ensure that the diagnosis we give you at the end of the two week period is backed up by solid evidence. However we understand that it can be challenging to answer all the questions. Maybe enabling the custom reminders will help, so that you get the notifications when they suit you best. Best, Your MindDoc team ', 'modified': '2021-02-22T20:31:25Z'}"
2021-04-27 17:58:05,So well designed,5,False,littleZlalala,This app is so well designed. I have ever had an app which I love to see the notifications. I enjoy answering the questions and the report is very informative. It helps me to check in with my feelings and emotions. Extremely helpful!,minddoc-your-companion,1052216403,
2021-02-17 14:39:11,This app is pretty helpful but...,4,False,Yourlocalnotso(9yearold),This app is pretty helpful but I‚Äôm still at the questions thing and it just stopped giving me questions around day 15 and now it says that I‚Äôm answering the minimum of questions to get a result. If this is a glitch please fix this soon :) great app though,minddoc-your-companion,1052216403,"{'id': 21222493, 'body': 'Hello, thank you for reaching out. We know this bug and will fix it soon! Thank you for your patience and sorry for the inconvenience. Best wishes, Your MindDoc team ', 'modified': '2021-02-22T20:32:18Z'}"
2021-01-09 19:38:59,Disappointed,3,True,SSemigh,"I love this app for its functions but I was very disappointed recently to lose my entire history with it. After using the app for over a year, it logged me out one day and now they‚Äôre saying I don‚Äôt have an account with them and my email isn‚Äôt registered. All that data is irretrievable.",minddoc-your-companion,1052216403,"{'id': 8594203, 'body': ""Hey there, we're sorry that it wasn't clear from the beginning that this was a premium feature. We can understand your frustration about this, as it does feel insincere and shady. We'll look into ways to make sure people know what's a paid feature and what features are free in the future. Thank you for the heads up! - Your Moodpath Team"", 'modified': '2019-05-09T14:42:28Z'}"
2021-02-03 04:27:54,"Seriously, the ONLY good mental health app.",5,False,El_011,"I‚Äôve been struggling a lot recently, more than I can put into words. I really love how this app has questions that I really wish people would ask me right now. Overall, such a great app!!",minddoc-your-companion,1052216403,
2021-01-28 21:58:08,Annoying message on app,3,False,Ringtonequeen,The app is great but I have had this message to update the app for over a month now. The app was updated and the message won‚Äôt go away. It‚Äôs pretty annoying to see that each time I get on the app. I emailed customer support and they were no help- they said the message would disappear.,minddoc-your-companion,1052216403,"{'id': 20749564, 'body': 'Hello, thank you so much for reaching out about this. We were not aware about this problem and will fix it asap. Best wishes, Your MindDoc team', 'modified': '2021-01-30T16:25:25Z'}"
2021-02-03 21:05:20,A really good app,5,False,itzKay81,I am glad that I decided to download this and keep track of how I was feeling everyday. After 14 days it gave me an overview and it helped me understand why I have been feeling the way I do. Thank you Mind doc,minddoc-your-companion,1052216403,
2021-05-12 00:49:48,Some Suggestions,5,False,Bennzel97,I use this frequently and enjoy the two week insights.  The negative emotions & situations emotions could use some more variety like worried or anxious. Other than that a fine mental health application.,minddoc-your-companion,1052216403,
2021-01-16 18:44:59,More customizable please,3,True,lds üôÇ,"‚Ä¢I‚Äôm a teen & some of the questions don‚Äôt apply to me. Teen mode?

‚Ä¢I am doing therapy. MindDoc is like Aah you need therapy! And I‚Äôm like yeah I know that‚Äôs why I am can there be some option to tell them ‚Äúya I‚Äôm good I‚Äôm doing that.‚Äù The same with medication^

‚Ä¢Also please add stuff for more diverse mental illnesses than anxiety and depression. Thank you!",minddoc-your-companion,1052216403,"{'id': 20434957, 'body': 'Hello, thank you for this very detailed feedback. Suggestions like this are very valuable to us and we will discuss the options to add therapy and medication with our team. Best wishes, Your MindDoc team ', 'modified': '2021-01-15T19:16:13Z'}"
2021-06-22 11:11:05,Create Account Issues,2,False,tamara3484,"I downloaded this app and I answered about your questions, Then I went to create an account and every time I press on create account it does nothing. So I‚Äôm not going to be able to save my progress. I sent feedback to the app developers with my technical issue but who knows when it will be resolved.",minddoc-your-companion,1052216403,
2021-01-02 14:29:13,"I wish it was free, free",3,False,..........................o,I am a teenager but I‚Äôm trying to use this app to help with harming you know but I can‚Äôt pay for helping with my self confidence and other stuff like that. But I can‚Äôt pay for it and neither will my mom because she thinks I won‚Äôt use it. But besides that this app helps as much as it can.,minddoc-your-companion,1052216403,
2021-01-23 02:51:11,Love it,5,False,Addison wray,I‚Äôve been using this for a while now and I really like it I would recommend getting it if your having a hard time with your mental health,minddoc-your-companion,1052216403,
2021-02-14 16:00:33,Been helpful but could use some things,4,False,clairesilvers26,This app has definitely helped me see how I am and how I feel. I do wish you could go into more depth then yes or no. Some questions are a little more complicated than yes or no,minddoc-your-companion,1052216403,"{'id': 21092705, 'body': ""Hello, thank you for your feedback! We'd love to hear more about your suggestions about our questions. If you want to, please send us a mail via feedback@minddoc.de. Best wishes, \nYour MindDoc team "", 'modified': '2021-02-16T15:48:13Z'}"
2021-03-01 20:52:23,Could be better,3,False,BadWolf Winter,"My app keeps glitching. It‚Äôll send me a reminder to do my questions and when I open the app, it won‚Äôt load the questions. Or it‚Äôll completely log me out. Very disappointing as this app really is super helpful for tracking my mood.",minddoc-your-companion,1052216403,"{'id': 21535373, 'body': 'Hello, we are really sorry to hear that you are experiencing this. This problem should be solved with the latest version 4.3.2. Please contact us via feedback@minddoc.de, if you are still experiencing this problem. Best wishes, your MindDoc team ', 'modified': '2021-03-09T09:28:30Z'}"
2021-06-20 15:56:32,A good part of my day,4,False,content user 2018,"Although I probably should set an alarm to remind myself to respond to questions, Mind Doc is one way to gauge where I am. Of course this is not geography but how centered I am. A centered ‚Äòme‚Äô can move with focus, purpose and confidence.",minddoc-your-companion,1052216403,
2021-06-23 09:21:55,A great resource,5,False,nikhjf,I've found it very beneficial to have a way to check in and consistently access how I'm feeling. It helps me to be more thoughtful about my life and mental health.,minddoc-your-companion,1052216403,
2021-01-14 01:31:01,Problem,1,False,Piggy7865,"When you first download the app there is this texting sort of format, I click to get started and get to be end of the stream and I can‚Äôt click continue, it‚Äôs blacked out. I‚Äôve tried getting off and on the app, deleting and getting back on it. What is the problem? Is anyone else having this problem?",minddoc-your-companion,1052216403,"{'id': 20434929, 'body': 'Hello, thanks for reaching out, this sounds not at all intended. Please contact us via feedback@minddoc.de so that we can look into this. Best wishes, Your MindDoc team ', 'modified': '2021-01-15T19:13:48Z'}"
2021-01-21 21:24:31,i‚Äôve been using this for over a year,5,False,there was nothing else to use,"i have a hard time remembering how i was feeling and why i was feeling that way after an hour but i use this app to track my mood, and it‚Äôs really helped in my therapy. it‚Äôs coming up to a year of using and i will continue to use it for many more years.  i recommend this app for anyone, whether you‚Äôre struggling or not",minddoc-your-companion,1052216403,
2021-05-18 03:09:59,Wow!,5,False,marianaIHC,My therapist recommended this app and it has truly changed my life. This app has helped me so much especially with my anxiety and my depression states. I recommend this app for EVERYONE!!!,minddoc-your-companion,1052216403,
2021-01-20 00:11:50,Great app,5,False,yuniel b,It gives me something to look forward to throughout the day. It gives me hope and comfort.,minddoc-your-companion,1052216403,
2021-02-08 20:45:18,Just needs more things,4,False,mouth mouth,What I meant as more things like telling people listen and get your free try out for 19 to get counselor and give out WAYS that are free I can tell why nobody like it I love but come on!???,minddoc-your-companion,1052216403,
2021-02-10 20:51:02,no notifications,1,False,skiiwaffle,I haven‚Äôt gotten notifications for MONTHS. I‚Äôve turned the notification settings on and off several times both in my phone‚Äôs settings and the app‚Äôs settings. Over a month ago I got a pop up message saying that it was a known issue and they fixed it but nothing‚Äôs changed.,minddoc-your-companion,1052216403,"{'id': 21058993, 'body': 'Hello, we are so sorry to hear that you were not receiving notifications! We solved this problem and you will be receiving notifications again as soon as you update the app. Best wishes, Your MindDoc team', 'modified': '2021-02-15T10:00:09Z'}"
2021-06-13 13:59:33,Notifications randomly stop,3,True,GingerGrace2,"Usually after an update the notifications to answer questions just stop. Overall a great app, and an awesome way to help me keep track of my emotional health",minddoc-your-companion,1052216403,"{'id': 21561340, 'body': 'Hello, thank you for your feedback and your kind words. The suggestion to add the option of tracking big life events sounds great and we will discuss it in the team. Until then you can track events like this with the plus button. Best, Your MindDoc team ', 'modified': '2021-03-10T09:44:52Z'}"
2021-04-27 23:57:48,pretty good,3,False,eam eiznekcam,i‚Äôve been using this app for over a year now. i really love the idea of this app and the mood tracker and everything about it. i just wish it had more options for the feelings such as ‚Äúangry‚Äù or ‚Äúfrustrated‚Äù for when i‚Äôm feeling more than just upset. i wish the questions weren‚Äôt just repeated as well. it‚Äôs pretty good overall but basic in the long run and i really don‚Äôt want to spend money for it to be repetitive but more in depth.,minddoc-your-companion,1052216403,"{'id': 22575211, 'body': 'Hello, thank you for your honest feedback. Opinions like yours are so important to improve the app and we will take your review into account. Best wishes, your MindDoc team', 'modified': '2021-05-02T13:12:56Z'}"
2021-01-12 04:35:49,No notifications issue,1,False,TreesproutFTW3128,I haven‚Äôt been receiving notifications for any of my questions or been able to answer them when I go into the app. This issue has been going on for over a month and it‚Äôs still not fixed. Extremely displeased.,minddoc-your-companion,1052216403,"{'id': 20434943, 'body': 'Hello, thanks so much for reaching out about this. We are very sorry that you are experiencing the bug that the app is not showing you Push notifications. We already know this bug and try to fix it asap. If you have any further questions or suggestions, please feel free to contact us via feedback@minddoc.de . Best, Your MindDoc team', 'modified': '2021-01-15T19:14:58Z'}"
2021-03-09 13:43:14,Unable to contact any support,1,False,maddison mallorey,"App seems great but wasn‚Äôt for me. I cancelled my subscription but was still charged, trying to find a contact or reach out through the support button takes you to a broken site, the actual site has no support option.",minddoc-your-companion,1052216403,"{'id': 21638597, 'body': 'Dear Maddison, thank you for reaching out! We are sorry to hear that you were unable to contact us via the support button. We will fix this asap. Please send us a mail via feedback@minddoc.de, so that we can look into this. Best wishes, Your MindDoc team ', 'modified': '2021-03-14T19:35:17Z'}"
2021-02-09 01:32:17,umm there‚Äôs a bug,5,False,DauntlessDreamer654,"i absolutely love this app, and it‚Äôs been a part of my daily routine for a while now. but currently i‚Äôm unable to do any of the questions. it keeps saying that i‚Äôm missing them, when i‚Äôm not able to do them in the first place. besides this new recent bug i completely adore this app",minddoc-your-companion,1052216403,"{'id': 21059160, 'body': 'Hello, thank you so much for reaching out. We know about this bug and work hard to solve it asap. Until then we thank you for your patience! Best wishes, Your MindDoc team ', 'modified': '2021-02-15T10:06:27Z'}"
2021-05-06 06:26:25,Terrible new update,1,False,r u serious minddoc..,I used to love this app until they decided to make you pay to see your progress. you can‚Äôt even look back on your past months anymore that was the whole point. i‚Äôm really disappointed. gonna have to find a new app,minddoc-your-companion,1052216403,"{'id': 22677281, 'body': 'Hello, thanks for reaching out about this. Our team would like to make MindDoc accessible to as many people as possible which is why we offer as much of the core content of the app as possible free of charge. However, as the app grows more complex we have to find ways to balance out the work. This is why we are offering a freemium model. We hope this was helpful! Best wishes, your MindDoc team', 'modified': '2021-05-07T10:50:01Z'}"
2021-02-27 06:35:28,Erased mood data,1,False,yammmmmmmmo,I have been using this for half a year and lost all my mood data. It wouldn‚Äôt let me log in the past few days and crashed every time I tried to. Today I got it open but it reset all my data. It still crashes when I try to log in,minddoc-your-companion,1052216403,"{'id': 21348271, 'body': ""Hi, thank you for reaching out! This is not at all intended. Please send us a mail via feedback@minddoc.de, so that we can take care of this. We'd love to help. Best wishes, your MindDoc team "", 'modified': '2021-02-28T14:19:15Z'}"
2021-03-12 20:10:40,Stopped working,1,False,MLongoria,"I used to love the ease of the app, but after an update it won‚Äôt let me log back in. I‚Äôve requested a password reset and nothing. I‚Äôve emailed support and nothing. Bad part is I paid for the yearly subscription in December 2020 and now I‚Äôm stuck with something I can‚Äôt even use.",minddoc-your-companion,1052216403,"{'id': 21638591, 'body': ""Hi, we are so sorry to hear that you can't log in. Customer should have already contacted you! If not, please send us a mail to feedback@minddoc.de again, so that we can look into this. Best wishes, Your MindDoc team "", 'modified': '2021-03-14T19:34:04Z'}"
2021-03-24 01:59:19,Deleted a year + of my logs,1,False,imprettyandeatfood,The app updated and all of the logs I had made prior to that were gone. The strengths of this app were that it tracked my mood over the long term for comparison and I could journal about my day. Without my data those functions are useless.,minddoc-your-companion,1052216403,"{'id': 22024784, 'body': ""Hello, we are so sorry to hear that you are experiencing this. Please contact us via feedback@minddoc.de, so we can look into this. We'd love to help. Best wishes, Your MindDoc team "", 'modified': '2021-04-03T08:14:42Z'}"
2021-04-23 12:46:19,not well thought out,1,False,maddddddddddddieeeeee,"i think this app had a good concept, but don‚Äôt you think it‚Äôs kinda stupid asking mentally ill people to answer questions three times a day and when they struggle to do so, they get a bunch of notifications saying to answer the questions and on the app it will tell u that you shouldn‚Äôt be missing questions. it makes me feel guilty for forgetting. i don‚Äôt know if this is just my experience but i forgot to do questions and they withdrew my results. extremely unsatisfied with this app.",minddoc-your-companion,1052216403,"{'id': 22485207, 'body': ""Hello, thanks for this feedback. We ask questions this often to ensure that the diagnosis we give you at the end of the two week period is backed up by solid evidence. However we understand that it can be challenging to answer all the questions and we really don't intend to make the users feel guilty. It totally understandable and human that sometimes it is not possible to answer questions 3 times a day. If this is the case, we suggest to take a break and try it again when you feel more comfortable with this task. Best wishes, Your MindDoc team "", 'modified': '2021-04-27T11:23:18Z'}"
2021-02-09 17:38:36,Disastrous. Lost all data. DO NOT USE,1,False,MousePolice,"Woke up this morning and all my data - well over a years worth - was gone. 

Sent feedback, no response. 

I should have known something was going wrong when they changed the name and started flogging subscriptions.",minddoc-your-companion,1052216403,"{'id': 21059011, 'body': ""Hello, thank you for reaching out. We are sorry that you lost all your data. This is not at all intended and we will be doing our best to bring the data back. Please send us a mail via feedback@minddoc.de, we'd love to help. Best wishes, Your MindDoc team\n"", 'modified': '2021-02-15T10:01:29Z'}"
2021-02-26 21:27:35,BEWARE OF CHARGES!!,1,False,Lashaye55,Tried it out for the free trial. Didn‚Äôt get to spend much time learning the app and answering questions. So I decided to keep it for 1 more month and give it a chance.. Bad idea!! I was charged for a FULL YEAR and can‚Äôt get in touch with anyone to adjust and provide refund..,minddoc-your-companion,1052216403,"{'id': 21348285, 'body': 'Hello, thank you for reaching out. Please contact the Appstore to get your refund. Unfortunately we cannot give you a refund on our own. Best wishes, Your MindDoc team ', 'modified': '2021-02-28T14:20:43Z'}"
2021-01-07 08:08:41,just deleted all of my data,1,True,parkstarshooter,"Forced me to update to MindDoc from MoodPath and offered no way to save data. Lost all of my data for 6 months.

Update: AND notifications don't work so it doesn't remind me to update it at all anymore. Worthless app now.",minddoc-your-companion,1052216403,"{'id': 20201580, 'body': ""Hello, thank you for reaching out about this. We are so sorry to hear that you lost your data. Please contact us via feedback@minddoc.de and send us your UiD. We'll do our best to bring it back! Best wishes, your MindDoc team "", 'modified': '2021-01-05T21:13:49Z'}"
2021-03-28 21:08:14,Great app turned bad,2,False,musicLover226,I‚Äôve used moodpath/MindDoc since 2019. I barely ever get notifications and the server is consistently down. Makes me wish I didn‚Äôt renew subscription,minddoc-your-companion,1052216403,"{'id': 22024769, 'body': 'Hello, thank you so much for reaching out about this. Our tech team is already investigating this issue and we hope to fix it after the holidays. We apologize for the inconvenience. Best wishes, Your MindDoc Team ', 'modified': '2021-04-03T08:13:36Z'}"
2021-01-12 07:33:29,:(,4,True,tryagainnicknametaken,You used to be able to add custom emotions for free but now it‚Äôs paid?? Why??,minddoc-your-companion,1052216403,"{'id': 18996754, 'body': 'Hello, thank you for your request. We had some other users complaining about timezone issues as well and our development team is working on solving this issue asap. Unfortunately we do not have a quick fix, so maybe it helps you to customize your reminders in the settings. If you have any more questions, please feel free to contact us via feedback@minddoc.de. \nYour MindDoc team ', 'modified': '2020-11-09T16:35:01Z'}"
2021-01-11 07:25:53,truly helpful,5,False,BodzTheBezt,this honestly gives good advice and information as well as an easy way to track your mood and behavior. it feels like a perfect in-between of therapy and journaling,minddoc-your-companion,1052216403,
2021-03-03 16:35:18,Lost all data,1,False,fruitsnacksaregreat,Have been using since late 2019. All my data was erased last month when I updated the app. Probably won‚Äôt continue to use.,minddoc-your-companion,1052216403,"{'id': 21535327, 'body': ""Hello, we are so sorry to hear that you experienced a loss of data. Please contact us as soon as possible via feedback@minddoc.de, so that we can look into this. We'd love to help. Best wishes, Your MindDoc team "", 'modified': '2021-03-09T09:27:13Z'}"
2021-05-27 04:12:40,App keeps freezing,2,False,Bimmy56,Is anyone else experiencing this? I open the app and it just gets stuck loading.,minddoc-your-companion,1052216403,"{'id': 23291327, 'body': ""Dear Bimmy, thank you for reaching out! That sounds not at all intended. Please contact us via feedback@minddoc.de! We'd love to help. Best wishes, your MindDoc team "", 'modified': '2021-06-09T15:56:40Z'}"
2021-02-20 12:43:30,Love it,5,False,King73924,Very cool and helpful. The free version is great as well,minddoc-your-companion,1052216403,
2021-01-07 23:25:17,worked great until,2,False,Averie1838,i loved this app but recently i haven‚Äôt gotten the option to answer questions anymore. i loved the self reflection that the questions provided but now i am not able to do that anymore.,minddoc-your-companion,1052216403,"{'id': 20286097, 'body': 'Hello, we are so sorry to hear that you are experiencing all these problems. We already received some reports of this bug and our team is working hard on solving it asap. Until then we thank you for your patience. If you have further questions, please contact us via feedback@minddoc.de. Best wishes, Your MindDoc team', 'modified': '2021-01-09T19:21:20Z'}"
2021-06-21 02:51:43,Marketing scam for Better Hope App,1,False,AnizaAkemi,"$60-$80 for ""professional help"" from another app",minddoc-your-companion,1052216403,"{'id': 23535984, 'body': 'Hello, thanks for reaching out about this. Our team would like to make MindDoc accessible to as many people as possible which is why we offer as much of the core content of the app as possible free of charge. However, as the app grows more complex we have to find ways to balance out the work. This is why we are offering a freemium model. We hope this was helpful! Best wishes, your MindDoc team', 'modified': '2021-06-23T06:08:26Z'}"
2021-04-28 14:51:51,Weird glitch?,2,False,smellywhore98,For some reason every time I log into the app it won‚Äôt let me do anything and this has happened recently probably about a month ago‚Ä¶ I log into the app and the only thing which is visible is my profile but everything else like the months in my diary and all of my logs are blank‚Ä¶ I don‚Äôt know how to explain it but it‚Äôs really weird and I haven‚Äôt been able to log how I feel and everything of that sort and it‚Äôs made me a bit frustrated because this was the way I used to keep check of myself you know.Help!,minddoc-your-companion,1052216403,"{'id': 22575185, 'body': ""Hello, thank you for reaching out about this. This sounds not at all intended. Please send us a mail to feedback@minddoc.de and we'll look into this. Best wishes, Your MindDoc team"", 'modified': '2021-05-02T13:10:39Z'}"
